711,12,80
1,1,True
1,2,True
1,3,True
1,4,True
1,5,True
1,6,True
1,7,True
1,8,True
1,9,True
1,10,True
1,11,True
1,12,True
1,13,True
1,14,False
1,15,True
1,16,True
1,17,True
1,18,True
1,19,True
1,20,True
1,21,True
1,22,True
1,23,True
1,24,True
1,25,True
1,26,False
1,27,True
1,28,True
1,29,False
1,30,False
1,31,True
1,32,True
1,33,True
1,34,True
1,35,True
1,36,True
1,37,True
1,38,False
1,39,True
1,40,False
1,41,True
1,42,True
1,43,True
1,44,True
1,45,False
1,46,True
1,47,True
1,48,True
1,49,False
1,50,False
1,51,True
1,52,True
1,53,False
1,54,True
1,55,True
1,56,True
1,57,False
1,58,True
1,59,True
1,60,True
1,61,False
1,62,False
1,63,True
1,64,True
1,65,True
1,66,True
1,67,True
1,68,False
1,69,True
1,70,True
1,71,True
1,72,True
1,73,True
1,74,True
1,75,True
1,76,False
1,77,True
1,78,True
1,79,True
1,80,True
1,81,True
1,82,True
1,83,True
1,84,True
1,85,True
1,86,True
1,87,True
1,88,False
1,89,True
1,90,True
1,91,True
1,92,True
1,93,True
1,94,True
1,95,True
1,96,False
1,97,False
1,98,False
1,99,True
1,100,True
1,101,True
1,102,False
1,103,True
1,104,False
1,105,True
1,106,True
1,107,True
1,108,True
1,109,True
1,110,True
1,111,True
1,112,True
1,113,True
1,114,True
1,115,True
1,116,False
1,117,True
1,118,True
1,119,True
1,120,True
1,121,True
1,122,False
1,123,True
1,124,True
1,125,True
1,126,True
1,127,True
1,128,False
1,129,True
1,130,False
1,131,False
1,132,True
1,133,False
1,134,True
1,135,True
1,136,False
1,137,False
1,138,True
1,139,True
1,140,True
1,141,True
1,142,False
1,143,True
1,144,True
1,145,True
1,146,True
1,147,True
1,148,True
1,149,True
1,150,True
1,151,False
1,152,True
1,153,True
1,154,True
1,155,True
1,156,True
1,157,True
1,158,True
1,159,True
1,160,True
1,161,False
1,162,True
1,163,True
1,164,True
1,165,True
1,166,True
1,167,True
1,168,True
1,169,True
1,170,True
1,171,False
1,172,True
1,173,False
1,174,True
1,175,False
1,176,True
1,177,True
1,178,True
1,179,True
1,180,True
1,181,True
1,182,True
1,183,True
1,184,True
1,185,True
1,186,True
1,187,True
1,188,False
1,189,False
1,190,True
1,191,False
1,192,True
1,193,True
1,194,True
1,195,True
1,196,False
1,197,True
1,198,True
1,199,False
1,200,False
1,201,False
1,202,True
1,203,False
1,204,False
1,205,False
1,206,True
1,207,True
1,208,True
1,209,True
1,210,True
1,211,True
1,212,True
1,213,True
1,214,True
1,215,True
1,216,True
1,217,False
1,218,True
1,219,True
1,220,True
1,221,False
1,222,True
1,223,False
1,224,False
1,225,True
1,226,True
1,227,True
1,228,True
1,229,True
1,230,True
1,231,True
1,232,True
1,233,True
1,234,True
1,235,True
1,236,False
1,237,True
1,238,True
1,239,True
1,240,True
1,241,True
1,242,True
1,243,True
1,244,True
1,245,True
1,246,True
1,247,True
1,248,True
1,249,True
1,250,True
1,251,True
1,252,True
1,253,True
1,254,True
1,255,False
1,256,False
1,257,True
1,258,True
1,259,False
1,260,True
1,261,False
1,262,True
1,263,False
1,264,True
1,265,True
1,266,True
1,267,True
1,268,False
1,269,True
1,270,False
1,271,True
1,272,True
1,273,False
1,274,True
1,275,False
1,276,True
1,277,False
1,278,True
1,279,True
1,280,True
1,281,False
1,282,False
1,283,False
1,284,True
1,285,True
1,286,True
1,287,False
1,288,True
1,289,True
1,290,True
1,291,True
1,292,False
1,293,True
1,294,True
1,295,True
1,296,True
1,297,True
1,298,False
1,299,True
1,300,True
1,301,True
1,302,True
1,303,True
1,304,True
1,305,True
1,306,True
1,307,False
1,308,True
1,309,True
1,310,True
1,311,False
1,312,True
1,313,True
1,314,True
1,315,True
1,316,True
1,317,False
1,318,True
1,319,True
1,320,True
1,321,True
1,322,True
1,323,True
1,324,False
1,325,True
1,326,False
1,327,True
1,328,True
1,329,True
1,330,False
1,331,True
1,332,False
1,333,False
1,334,True
1,335,True
1,336,True
1,337,True
1,338,True
1,339,True
1,340,True
1,341,True
1,342,False
1,343,False
1,344,True
1,345,True
1,346,True
1,347,True
1,348,True
1,349,False
1,350,True
1,351,True
1,352,True
1,353,False
1,354,False
1,355,True
1,356,True
1,357,True
1,358,True
1,359,True
1,360,False
1,361,True
1,362,True
1,363,True
1,364,False
1,365,True
1,366,True
1,367,False
1,368,True
1,369,True
1,370,True
1,371,True
1,372,False
1,373,True
1,374,True
1,375,True
1,376,True
1,377,True
1,378,False
1,379,True
1,380,False
1,381,True
1,382,True
1,383,True
1,384,True
1,385,True
1,386,True
1,387,True
1,388,True
1,389,True
1,390,False
1,391,True
1,392,True
1,393,True
1,394,True
1,395,False
1,396,True
1,397,True
1,398,False
1,399,True
1,400,True
1,401,True
1,402,True
1,403,True
1,404,True
1,405,True
1,406,True
1,407,True
1,408,False
1,409,True
1,410,True
1,411,False
1,412,True
1,413,True
1,414,True
1,415,True
1,416,True
1,417,False
1,418,True
1,419,True
1,420,False
1,421,True
1,422,True
1,423,True
1,424,False
1,425,False
1,426,True
1,427,True
1,428,True
1,429,False
1,430,True
1,431,True
1,432,True
1,433,True
1,434,True
1,435,True
1,436,True
1,437,True
1,438,True
1,439,False
1,440,False
1,441,True
1,442,True
1,443,True
1,444,False
1,445,True
1,446,True
1,447,True
1,448,True
1,449,True
1,450,False
1,451,True
1,452,False
1,453,True
1,454,True
1,455,True
1,456,True
1,457,True
1,458,False
1,459,True
1,460,True
1,461,True
1,462,False
1,463,True
1,464,True
1,465,False
1,466,True
1,467,True
1,468,False
1,469,True
1,470,True
1,471,True
1,472,True
1,473,True
1,474,True
1,475,True
1,476,True
1,477,True
1,478,True
1,479,False
1,480,True
1,481,False
1,482,False
1,483,True
1,484,False
1,485,True
1,486,True
1,487,True
1,488,True
1,489,False
1,490,True
1,491,True
1,492,True
1,493,True
1,494,True
1,495,False
1,496,True
1,497,True
1,498,True
1,499,True
1,500,False
1,501,True
1,502,True
1,503,True
1,504,True
1,505,True
1,506,True
1,507,True
1,508,True
1,509,True
1,510,True
1,511,True
1,512,True
1,513,True
1,514,False
1,515,False
1,516,True
1,517,False
1,518,False
1,519,True
1,520,False
1,521,False
1,522,False
1,523,True
1,524,False
1,525,True
1,526,True
1,527,True
1,528,True
1,529,True
1,530,True
1,531,True
1,532,True
1,533,True
1,534,True
1,535,False
1,536,True
1,537,True
1,538,True
1,539,True
1,540,True
1,541,True
1,542,True
1,543,True
1,544,True
1,545,True
1,546,True
1,547,True
1,548,True
1,549,True
1,550,True
1,551,False
1,552,False
1,553,False
1,554,True
1,555,True
1,556,True
1,557,True
1,558,True
1,559,True
1,560,True
1,561,True
1,562,True
1,563,True
1,564,True
1,565,True
1,566,True
1,567,False
1,568,True
1,569,False
1,570,True
1,571,True
1,572,True
1,573,False
1,574,True
1,575,True
1,576,True
1,577,True
1,578,False
1,579,True
1,580,True
1,581,True
1,582,True
1,583,True
1,584,True
1,585,True
1,586,False
1,587,True
1,588,False
1,589,True
1,590,True
1,591,True
1,592,False
1,593,True
1,594,True
1,595,True
1,596,False
1,597,True
1,598,True
1,599,True
1,600,False
1,601,False
1,602,True
1,603,False
1,604,True
1,605,True
1,606,True
1,607,True
1,608,True
1,609,True
1,610,True
1,611,False
1,612,False
1,613,True
1,614,True
1,615,True
1,616,True
1,617,True
1,618,True
1,619,False
1,620,True
1,621,True
1,622,True
1,623,True
1,624,True
1,625,True
1,626,False
1,627,True
1,628,True
1,629,True
1,630,True
1,631,True
1,632,True
1,633,True
1,634,False
1,635,True
1,636,True
1,637,True
1,638,True
1,639,True
1,640,True
1,641,True
1,642,True
1,643,False
1,644,True
1,645,True
1,646,True
1,647,True
1,648,False
1,649,True
1,650,True
1,651,True
1,652,False
1,653,True
1,654,False
1,655,False
1,656,True
1,657,False
1,658,True
1,659,True
1,660,True
1,661,True
1,662,True
1,663,True
1,664,True
1,665,True
1,666,True
1,667,True
1,668,True
1,669,True
1,670,False
1,671,True
1,672,True
1,673,True
1,674,True
1,675,True
1,676,True
1,677,True
1,678,False
1,679,True
1,680,True
1,681,False
1,682,False
1,683,True
1,684,True
1,685,True
1,686,True
1,687,True
1,688,True
1,689,True
1,690,True
1,691,True
1,692,False
1,693,True
1,694,True
1,695,False
1,696,True
1,697,True
1,698,True
1,699,True
1,700,True
1,701,True
1,702,True
1,703,True
1,704,True
1,705,True
1,706,False
1,707,True
1,708,True
1,709,True
1,710,True
1,711,False
2,1,True
2,2,True
2,3,True
2,4,True
2,5,True
2,6,False
2,7,True
2,8,True
2,9,False
2,10,True
2,11,False
2,12,True
2,13,True
2,14,True
2,15,True
2,16,True
2,17,True
2,18,True
2,19,True
2,20,False
2,21,True
2,22,False
2,23,True
2,24,True
2,25,True
2,26,True
2,27,True
2,28,True
2,29,True
2,30,True
2,31,True
2,32,True
2,33,True
2,34,True
2,35,True
2,36,True
2,37,True
2,38,True
2,39,False
2,40,True
2,41,True
2,42,True
2,43,False
2,44,True
2,45,True
2,46,True
2,47,True
2,48,True
2,49,True
2,50,True
2,51,True
2,52,True
2,53,True
2,54,False
2,55,True
2,56,True
2,57,True
2,58,False
2,59,True
2,60,True
2,61,True
2,62,True
2,63,True
2,64,False
2,65,True
2,66,True
2,67,True
2,68,False
2,69,False
2,70,True
2,71,False
2,72,True
2,73,True
2,74,True
2,75,False
2,76,False
2,77,True
2,78,True
2,79,True
2,80,True
2,81,False
2,82,True
2,83,True
2,84,True
2,85,True
2,86,True
2,87,True
2,88,True
2,89,True
2,90,True
2,91,True
2,92,False
2,93,True
2,94,True
2,95,True
2,96,False
2,97,True
2,98,False
2,99,True
2,100,False
2,101,True
2,102,True
2,103,True
2,104,True
2,105,True
2,106,True
2,107,False
2,108,False
2,109,True
2,110,True
2,111,True
2,112,False
2,113,True
2,114,True
2,115,True
2,116,False
2,117,True
2,118,True
2,119,True
2,120,True
2,121,True
2,122,True
2,123,True
2,124,True
2,125,True
2,126,True
2,127,True
2,128,True
2,129,True
2,130,True
2,131,True
2,132,True
2,133,True
2,134,False
2,135,True
2,136,False
2,137,True
2,138,True
2,139,True
2,140,True
2,141,True
2,142,True
2,143,True
2,144,True
2,145,True
2,146,True
2,147,False
2,148,True
2,149,False
2,150,False
2,151,True
2,152,True
2,153,False
2,154,True
2,155,True
2,156,True
2,157,True
2,158,True
2,159,True
2,160,True
2,161,True
2,162,True
2,163,True
2,164,True
2,165,True
2,166,True
2,167,True
2,168,False
2,169,False
2,170,True
2,171,False
2,172,True
2,173,True
2,174,True
2,175,True
2,176,True
2,177,True
2,178,True
2,179,True
2,180,True
2,181,False
2,182,False
2,183,True
2,184,True
2,185,True
2,186,True
2,187,True
2,188,True
2,189,True
2,190,True
2,191,True
2,192,True
2,193,True
2,194,True
2,195,True
2,196,False
2,197,True
2,198,True
2,199,True
2,200,True
2,201,True
2,202,True
2,203,True
2,204,True
2,205,True
2,206,True
2,207,True
2,208,True
2,209,True
2,210,True
2,211,True
2,212,False
2,213,True
2,214,False
2,215,False
2,216,True
2,217,True
2,218,True
2,219,False
2,220,True
2,221,True
2,222,True
2,223,True
2,224,True
2,225,True
2,226,True
2,227,True
2,228,False
2,229,True
2,230,True
2,231,True
2,232,True
2,233,True
2,234,True
2,235,True
2,236,True
2,237,True
2,238,True
2,239,True
2,240,True
2,241,True
2,242,True
2,243,True
2,244,True
2,245,False
2,246,True
2,247,True
2,248,True
2,249,True
2,250,True
2,251,True
2,252,True
2,253,True
2,254,False
2,255,False
2,256,True
2,257,False
2,258,True
2,259,True
2,260,True
2,261,True
2,262,True
2,263,True
2,264,True
2,265,True
2,266,False
2,267,True
2,268,False
2,269,True
2,270,True
2,271,True
2,272,True
2,273,True
2,274,True
2,275,True
2,276,False
2,277,True
2,278,True
2,279,False
2,280,True
2,281,False
2,282,True
2,283,True
2,284,True
2,285,True
2,286,True
2,287,True
2,288,True
2,289,True
2,290,True
2,291,True
2,292,False
2,293,True
2,294,True
2,295,True
2,296,False
2,297,True
2,298,True
2,299,False
2,300,True
2,301,True
2,302,False
2,303,False
2,304,True
2,305,True
2,306,True
2,307,True
2,308,True
2,309,True
2,310,True
2,311,True
2,312,False
2,313,True
2,314,True
2,315,True
2,316,True
2,317,True
2,318,True
2,319,True
2,320,False
2,321,True
2,322,True
2,323,True
2,324,True
2,325,False
2,326,True
2,327,True
2,328,True
2,329,True
2,330,True
2,331,True
2,332,True
2,333,False
2,334,True
2,335,True
2,336,False
2,337,True
2,338,False
2,339,True
2,340,True
2,341,True
2,342,True
2,343,True
2,344,True
2,345,True
2,346,True
2,347,True
2,348,False
2,349,False
2,350,False
2,351,True
2,352,True
2,353,True
2,354,True
2,355,False
2,356,True
2,357,True
2,358,True
2,359,False
2,360,True
2,361,True
2,362,True
2,363,False
2,364,True
2,365,False
2,366,True
2,367,True
2,368,True
2,369,True
2,370,True
2,371,True
2,372,True
2,373,True
2,374,False
2,375,False
2,376,False
2,377,True
2,378,True
2,379,True
2,380,False
2,381,True
2,382,False
2,383,True
2,384,True
2,385,True
2,386,False
2,387,True
2,388,True
2,389,True
2,390,True
2,391,True
2,392,True
2,393,False
2,394,True
2,395,False
2,396,True
2,397,True
2,398,True
2,399,False
2,400,False
2,401,True
2,402,False
2,403,True
2,404,False
2,405,True
2,406,True
2,407,True
2,408,True
2,409,True
2,410,True
2,411,True
2,412,True
2,413,True
2,414,True
2,415,True
2,416,True
2,417,True
2,418,True
2,419,False
2,420,True
2,421,True
2,422,True
2,423,True
2,424,True
2,425,False
2,426,False
2,427,False
2,428,True
2,429,True
2,430,True
2,431,True
2,432,True
2,433,False
2,434,True
2,435,False
2,436,True
2,437,True
2,438,True
2,439,False
2,440,False
2,441,True
2,442,True
2,443,True
2,444,True
2,445,False
2,446,True
2,447,False
2,448,True
2,449,False
2,450,True
2,451,True
2,452,True
2,453,True
2,454,True
2,455,True
2,456,False
2,457,True
2,458,True
2,459,True
2,460,True
2,461,False
2,462,True
2,463,True
2,464,True
2,465,False
2,466,True
2,467,True
2,468,True
2,469,True
2,470,True
2,471,True
2,472,True
2,473,True
2,474,True
2,475,True
2,476,True
2,477,False
2,478,True
2,479,True
2,480,True
2,481,True
2,482,True
2,483,True
2,484,True
2,485,True
2,486,True
2,487,True
2,488,True
2,489,True
2,490,True
2,491,True
2,492,True
2,493,True
2,494,True
2,495,False
2,496,True
2,497,True
2,498,True
2,499,True
2,500,True
2,501,False
2,502,True
2,503,True
2,504,True
2,505,True
2,506,False
2,507,True
2,508,False
2,509,True
2,510,True
2,511,True
2,512,True
2,513,True
2,514,True
2,515,True
2,516,False
2,517,True
2,518,True
2,519,True
2,520,True
2,521,True
2,522,True
2,523,True
2,524,True
2,525,True
2,526,True
2,527,True
2,528,False
2,529,True
2,530,True
2,531,True
2,532,True
2,533,True
2,534,True
2,535,True
2,536,True
2,537,True
2,538,True
2,539,True
2,540,True
2,541,True
2,542,False
2,543,True
2,544,True
2,545,True
2,546,False
2,547,True
2,548,True
2,549,True
2,550,True
2,551,True
2,552,True
2,553,False
2,554,True
2,555,True
2,556,True
2,557,True
2,558,True
2,559,True
2,560,True
2,561,True
2,562,True
2,563,True
2,564,True
2,565,False
2,566,True
2,567,True
2,568,True
2,569,False
2,570,True
2,571,False
2,572,True
2,573,True
2,574,True
2,575,True
2,576,True
2,577,True
2,578,True
2,579,True
2,580,True
2,581,True
2,582,False
2,583,True
2,584,False
2,585,True
2,586,True
2,587,True
2,588,True
2,589,True
2,590,False
2,591,True
2,592,False
2,593,True
2,594,True
2,595,True
2,596,True
2,597,True
2,598,False
2,599,True
2,600,False
2,601,True
2,602,True
2,603,True
2,604,True
2,605,True
2,606,False
2,607,True
2,608,True
2,609,True
2,610,True
2,611,True
2,612,True
2,613,True
2,614,False
2,615,True
2,616,True
2,617,True
2,618,True
2,619,True
2,620,True
2,621,True
2,622,True
2,623,True
2,624,True
2,625,True
2,626,True
2,627,False
2,628,True
2,629,True
2,630,True
2,631,True
2,632,True
2,633,True
2,634,True
2,635,True
2,636,True
2,637,True
2,638,True
2,639,False
2,640,False
2,641,True
2,642,True
2,643,True
2,644,True
2,645,True
2,646,True
2,647,True
2,648,True
2,649,True
2,650,True
2,651,False
2,652,True
2,653,True
2,654,True
2,655,True
2,656,True
2,657,True
2,658,True
2,659,True
2,660,True
2,661,True
2,662,False
2,663,True
2,664,True
2,665,False
2,666,False
2,667,True
2,668,True
2,669,True
2,670,True
2,671,True
2,672,True
2,673,False
2,674,True
2,675,False
2,676,True
2,677,False
2,678,True
2,679,True
2,680,True
2,681,True
2,682,True
2,683,False
2,684,True
2,685,False
2,686,True
2,687,False
2,688,True
2,689,True
2,690,True
2,691,True
2,692,True
2,693,True
2,694,True
2,695,True
2,696,True
2,697,True
2,698,True
2,699,True
2,700,True
2,701,True
2,702,True
2,703,True
2,704,False
2,705,True
2,706,True
2,707,False
2,708,True
2,709,True
2,710,True
2,711,False
3,1,True
3,2,True
3,3,True
3,4,True
3,5,False
3,6,True
3,7,True
3,8,True
3,9,True
3,10,True
3,11,True
3,12,True
3,13,True
3,14,True
3,15,True
3,16,False
3,17,True
3,18,False
3,19,False
3,20,True
3,21,True
3,22,True
3,23,True
3,24,True
3,25,False
3,26,True
3,27,True
3,28,True
3,29,True
3,30,True
3,31,True
3,32,True
3,33,True
3,34,True
3,35,True
3,36,False
3,37,True
3,38,True
3,39,True
3,40,True
3,41,True
3,42,True
3,43,True
3,44,True
3,45,True
3,46,True
3,47,True
3,48,True
3,49,True
3,50,True
3,51,True
3,52,True
3,53,True
3,54,True
3,55,True
3,56,True
3,57,True
3,58,False
3,59,True
3,60,True
3,61,True
3,62,True
3,63,False
3,64,True
3,65,True
3,66,True
3,67,False
3,68,True
3,69,False
3,70,True
3,71,True
3,72,True
3,73,False
3,74,True
3,75,True
3,76,True
3,77,True
3,78,False
3,79,False
3,80,True
3,81,True
3,82,True
3,83,True
3,84,True
3,85,True
3,86,True
3,87,True
3,88,True
3,89,True
3,90,True
3,91,True
3,92,False
3,93,True
3,94,True
3,95,True
3,96,False
3,97,True
3,98,True
3,99,True
3,100,True
3,101,True
3,102,False
3,103,True
3,104,True
3,105,True
3,106,True
3,107,True
3,108,False
3,109,True
3,110,True
3,111,True
3,112,True
3,113,True
3,114,True
3,115,True
3,116,True
3,117,True
3,118,True
3,119,False
3,120,True
3,121,False
3,122,True
3,123,False
3,124,True
3,125,True
3,126,True
3,127,True
3,128,True
3,129,True
3,130,True
3,131,False
3,132,True
3,133,True
3,134,True
3,135,False
3,136,True
3,137,True
3,138,False
3,139,True
3,140,True
3,141,True
3,142,False
3,143,True
3,144,True
3,145,True
3,146,False
3,147,True
3,148,True
3,149,False
3,150,True
3,151,True
3,152,True
3,153,False
3,154,True
3,155,True
3,156,True
3,157,True
3,158,False
3,159,True
3,160,True
3,161,True
3,162,True
3,163,False
3,164,True
3,165,True
3,166,True
3,167,True
3,168,True
3,169,True
3,170,True
3,171,False
3,172,False
3,173,True
3,174,True
3,175,False
3,176,True
3,177,True
3,178,True
3,179,False
3,180,True
3,181,True
3,182,True
3,183,False
3,184,True
3,185,True
3,186,True
3,187,True
3,188,True
3,189,True
3,190,True
3,191,True
3,192,True
3,193,False
3,194,True
3,195,False
3,196,False
3,197,True
3,198,False
3,199,False
3,200,True
3,201,True
3,202,True
3,203,True
3,204,True
3,205,False
3,206,False
3,207,False
3,208,True
3,209,True
3,210,True
3,211,True
3,212,True
3,213,True
3,214,True
3,215,True
3,216,True
3,217,True
3,218,True
3,219,True
3,220,True
3,221,True
3,222,True
3,223,True
3,224,True
3,225,True
3,226,False
3,227,True
3,228,True
3,229,True
3,230,True
3,231,True
3,232,False
3,233,True
3,234,True
3,235,True
3,236,True
3,237,False
3,238,True
3,239,True
3,240,True
3,241,True
3,242,True
3,243,True
3,244,True
3,245,True
3,246,True
3,247,True
3,248,True
3,249,False
3,250,True
3,251,True
3,252,True
3,253,True
3,254,True
3,255,False
3,256,True
3,257,True
3,258,True
3,259,True
3,260,False
3,261,False
3,262,False
3,263,True
3,264,True
3,265,True
3,266,True
3,267,True
3,268,True
3,269,True
3,270,True
3,271,False
3,272,True
3,273,False
3,274,True
3,275,True
3,276,True
3,277,False
3,278,True
3,279,True
3,280,True
3,281,True
3,282,True
3,283,True
3,284,False
3,285,True
3,286,False
3,287,True
3,288,True
3,289,True
3,290,False
3,291,True
3,292,True
3,293,True
3,294,True
3,295,True
3,296,True
3,297,True
3,298,True
3,299,False
3,300,True
3,301,False
3,302,True
3,303,True
3,304,True
3,305,False
3,306,True
3,307,True
3,308,True
3,309,False
3,310,True
3,311,True
3,312,True
3,313,True
3,314,True
3,315,True
3,316,True
3,317,True
3,318,True
3,319,True
3,320,False
3,321,True
3,322,True
3,323,True
3,324,False
3,325,True
3,326,True
3,327,True
3,328,True
3,329,True
3,330,True
3,331,True
3,332,True
3,333,True
3,334,True
3,335,True
3,336,True
3,337,True
3,338,True
3,339,False
3,340,False
3,341,True
3,342,True
3,343,True
3,344,True
3,345,False
3,346,True
3,347,True
3,348,True
3,349,True
3,350,True
3,351,True
3,352,True
3,353,True
3,354,True
3,355,True
3,356,True
3,357,False
3,358,True
3,359,False
3,360,True
3,361,True
3,362,True
3,363,True
3,364,True
3,365,True
3,366,True
3,367,True
3,368,False
3,369,True
3,370,True
3,371,False
3,372,False
3,373,True
3,374,True
3,375,False
3,376,True
3,377,True
3,378,False
3,379,True
3,380,True
3,381,True
3,382,True
3,383,True
3,384,True
3,385,True
3,386,False
3,387,True
3,388,True
3,389,False
3,390,True
3,391,True
3,392,False
3,393,False
3,394,True
3,395,True
3,396,True
3,397,True
3,398,True
3,399,False
3,400,True
3,401,True
3,402,True
3,403,False
3,404,True
3,405,True
3,406,True
3,407,True
3,408,True
3,409,False
3,410,True
3,411,False
3,412,True
3,413,True
3,414,True
3,415,False
3,416,True
3,417,True
3,418,True
3,419,False
3,420,True
3,421,True
3,422,True
3,423,False
3,424,True
3,425,True
3,426,True
3,427,True
3,428,True
3,429,True
3,430,False
3,431,True
3,432,True
3,433,True
3,434,False
3,435,True
3,436,True
3,437,True
3,438,True
3,439,False
3,440,True
3,441,True
3,442,False
3,443,True
3,444,True
3,445,False
3,446,True
3,447,True
3,448,True
3,449,True
3,450,True
3,451,True
3,452,True
3,453,True
3,454,True
3,455,True
3,456,True
3,457,False
3,458,True
3,459,True
3,460,True
3,461,True
3,462,False
3,463,False
3,464,False
3,465,False
3,466,False
3,467,True
3,468,True
3,469,False
3,470,True
3,471,True
3,472,False
3,473,True
3,474,True
3,475,True
3,476,True
3,477,True
3,478,True
3,479,True
3,480,True
3,481,False
3,482,False
3,483,True
3,484,True
3,485,True
3,486,True
3,487,True
3,488,True
3,489,True
3,490,True
3,491,False
3,492,True
3,493,True
3,494,True
3,495,True
3,496,False
3,497,True
3,498,True
3,499,True
3,500,True
3,501,True
3,502,False
3,503,True
3,504,True
3,505,False
3,506,False
3,507,True
3,508,False
3,509,True
3,510,False
3,511,False
3,512,True
3,513,False
3,514,True
3,515,True
3,516,False
3,517,True
3,518,True
3,519,True
3,520,False
3,521,True
3,522,True
3,523,True
3,524,False
3,525,True
3,526,True
3,527,True
3,528,True
3,529,True
3,530,False
3,531,True
3,532,True
3,533,True
3,534,True
3,535,True
3,536,True
3,537,True
3,538,False
3,539,True
3,540,True
3,541,True
3,542,True
3,543,False
3,544,True
3,545,True
3,546,True
3,547,True
3,548,True
3,549,True
3,550,True
3,551,True
3,552,True
3,553,True
3,554,True
3,555,True
3,556,True
3,557,True
3,558,True
3,559,True
3,560,True
3,561,True
3,562,True
3,563,False
3,564,True
3,565,True
3,566,True
3,567,True
3,568,False
3,569,True
3,570,True
3,571,True
3,572,True
3,573,True
3,574,True
3,575,False
3,576,True
3,577,False
3,578,True
3,579,True
3,580,False
3,581,False
3,582,True
3,583,True
3,584,True
3,585,False
3,586,True
3,587,True
3,588,True
3,589,True
3,590,True
3,591,True
3,592,True
3,593,True
3,594,True
3,595,True
3,596,True
3,597,True
3,598,False
3,599,True
3,600,True
3,601,True
3,602,True
3,603,True
3,604,False
3,605,True
3,606,False
3,607,False
3,608,True
3,609,False
3,610,True
3,611,True
3,612,False
3,613,False
3,614,True
3,615,False
3,616,True
3,617,True
3,618,True
3,619,True
3,620,True
3,621,True
3,622,True
3,623,True
3,624,True
3,625,False
3,626,True
3,627,False
3,628,True
3,629,True
3,630,True
3,631,True
3,632,False
3,633,True
3,634,True
3,635,True
3,636,True
3,637,True
3,638,True
3,639,False
3,640,True
3,641,True
3,642,True
3,643,True
3,644,True
3,645,True
3,646,True
3,647,False
3,648,False
3,649,True
3,650,True
3,651,True
3,652,True
3,653,True
3,654,True
3,655,False
3,656,True
3,657,True
3,658,True
3,659,False
3,660,True
3,661,True
3,662,False
3,663,True
3,664,False
3,665,True
3,666,True
3,667,True
3,668,True
3,669,True
3,670,True
3,671,True
3,672,True
3,673,True
3,674,True
3,675,False
3,676,True
3,677,False
3,678,True
3,679,False
3,680,True
3,681,False
3,682,True
3,683,True
3,684,True
3,685,False
3,686,True
3,687,True
3,688,True
3,689,True
3,690,True
3,691,True
3,692,True
3,693,False
3,694,True
3,695,True
3,696,True
3,697,True
3,698,True
3,699,True
3,700,True
3,701,False
3,702,True
3,703,False
3,704,True
3,705,True
3,706,True
3,707,True
3,708,True
3,709,True
3,710,True
3,711,True
4,1,True
4,2,True
4,3,True
4,4,True
4,5,True
4,6,True
4,7,True
4,8,True
4,9,True
4,10,True
4,11,True
4,12,False
4,13,False
4,14,True
4,15,True
4,16,False
4,17,True
4,18,True
4,19,True
4,20,True
4,21,True
4,22,True
4,23,True
4,24,True
4,25,True
4,26,True
4,27,True
4,28,False
4,29,True
4,30,True
4,31,False
4,32,True
4,33,True
4,34,True
4,35,True
4,36,True
4,37,True
4,38,True
4,39,False
4,40,True
4,41,True
4,42,True
4,43,True
4,44,True
4,45,True
4,46,True
4,47,True
4,48,False
4,49,True
4,50,True
4,51,True
4,52,True
4,53,True
4,54,False
4,55,True
4,56,True
4,57,True
4,58,True
4,59,True
4,60,True
4,61,False
4,62,True
4,63,False
4,64,True
4,65,True
4,66,True
4,67,True
4,68,True
4,69,True
4,70,False
4,71,True
4,72,True
4,73,True
4,74,True
4,75,True
4,76,True
4,77,True
4,78,True
4,79,False
4,80,True
4,81,True
4,82,False
4,83,True
4,84,False
4,85,True
4,86,False
4,87,True
4,88,False
4,89,True
4,90,True
4,91,True
4,92,True
4,93,True
4,94,True
4,95,False
4,96,False
4,97,True
4,98,True
4,99,True
4,100,True
4,101,False
4,102,True
4,103,True
4,104,True
4,105,True
4,106,False
4,107,True
4,108,True
4,109,True
4,110,True
4,111,True
4,112,True
4,113,True
4,114,True
4,115,True
4,116,True
4,117,True
4,118,True
4,119,True
4,120,True
4,121,False
4,122,False
4,123,True
4,124,False
4,125,True
4,126,True
4,127,False
4,128,False
4,129,True
4,130,False
4,131,True
4,132,True
4,133,False
4,134,True
4,135,True
4,136,True
4,137,True
4,138,True
4,139,True
4,140,True
4,141,True
4,142,True
4,143,True
4,144,True
4,145,True
4,146,True
4,147,False
4,148,True
4,149,True
4,150,True
4,151,True
4,152,True
4,153,True
4,154,True
4,155,True
4,156,False
4,157,True
4,158,True
4,159,True
4,160,True
4,161,False
4,162,False
4,163,True
4,164,True
4,165,True
4,166,False
4,167,True
4,168,False
4,169,True
4,170,True
4,171,True
4,172,True
4,173,True
4,174,True
4,175,False
4,176,True
4,177,True
4,178,True
4,179,False
4,180,True
4,181,False
4,182,True
4,183,True
4,184,True
4,185,False
4,186,True
4,187,False
4,188,True
4,189,True
4,190,True
4,191,True
4,192,True
4,193,True
4,194,False
4,195,True
4,196,True
4,197,True
4,198,True
4,199,True
4,200,True
4,201,False
4,202,True
4,203,True
4,204,False
4,205,False
4,206,True
4,207,True
4,208,True
4,209,True
4,210,True
4,211,True
4,212,True
4,213,True
4,214,True
4,215,True
4,216,True
4,217,True
4,218,True
4,219,True
4,220,False
4,221,False
4,222,True
4,223,False
4,224,False
4,225,True
4,226,True
4,227,True
4,228,True
4,229,True
4,230,True
4,231,True
4,232,True
4,233,True
4,234,True
4,235,True
4,236,True
4,237,True
4,238,True
4,239,True
4,240,True
4,241,True
4,242,False
4,243,False
4,244,True
4,245,True
4,246,True
4,247,True
4,248,True
4,249,True
4,250,True
4,251,True
4,252,True
4,253,True
4,254,True
4,255,True
4,256,True
4,257,True
4,258,False
4,259,True
4,260,True
4,261,True
4,262,True
4,263,True
4,264,False
4,265,True
4,266,False
4,267,True
4,268,True
4,269,True
4,270,True
4,271,False
4,272,True
4,273,True
4,274,False
4,275,True
4,276,True
4,277,True
4,278,True
4,279,True
4,280,True
4,281,True
4,282,True
4,283,False
4,284,True
4,285,True
4,286,True
4,287,False
4,288,True
4,289,True
4,290,False
4,291,False
4,292,True
4,293,True
4,294,True
4,295,True
4,296,False
4,297,False
4,298,True
4,299,True
4,300,False
4,301,True
4,302,True
4,303,True
4,304,True
4,305,True
4,306,True
4,307,True
4,308,False
4,309,True
4,310,False
4,311,True
4,312,True
4,313,True
4,314,True
4,315,True
4,316,False
4,317,False
4,318,True
4,319,True
4,320,True
4,321,False
4,322,False
4,323,True
4,324,True
4,325,True
4,326,True
4,327,True
4,328,False
4,329,True
4,330,True
4,331,True
4,332,True
4,333,True
4,334,True
4,335,True
4,336,True
4,337,False
4,338,False
4,339,False
4,340,True
4,341,False
4,342,True
4,343,True
4,344,True
4,345,True
4,346,True
4,347,False
4,348,True
4,349,True
4,350,True
4,351,True
4,352,True
4,353,False
4,354,True
4,355,True
4,356,True
4,357,True
4,358,False
4,359,True
4,360,True
4,361,True
4,362,True
4,363,True
4,364,True
4,365,True
4,366,True
4,367,True
4,368,True
4,369,True
4,370,True
4,371,True
4,372,False
4,373,True
4,374,True
4,375,False
4,376,True
4,377,True
4,378,False
4,379,False
4,380,True
4,381,True
4,382,False
4,383,True
4,384,True
4,385,True
4,386,True
4,387,True
4,388,False
4,389,True
4,390,True
4,391,True
4,392,False
4,393,True
4,394,True
4,395,False
4,396,False
4,397,True
4,398,True
4,399,False
4,400,True
4,401,True
4,402,True
4,403,True
4,404,True
4,405,False
4,406,True
4,407,True
4,408,True
4,409,True
4,410,True
4,411,True
4,412,False
4,413,True
4,414,True
4,415,False
4,416,False
4,417,True
4,418,True
4,419,True
4,420,True
4,421,True
4,422,True
4,423,True
4,424,False
4,425,True
4,426,True
4,427,False
4,428,True
4,429,True
4,430,True
4,431,True
4,432,True
4,433,True
4,434,True
4,435,True
4,436,True
4,437,True
4,438,True
4,439,False
4,440,True
4,441,True
4,442,False
4,443,True
4,444,False
4,445,False
4,446,True
4,447,True
4,448,True
4,449,True
4,450,False
4,451,True
4,452,True
4,453,True
4,454,False
4,455,True
4,456,True
4,457,True
4,458,True
4,459,True
4,460,False
4,461,False
4,462,True
4,463,True
4,464,True
4,465,True
4,466,True
4,467,True
4,468,True
4,469,True
4,470,True
4,471,True
4,472,True
4,473,True
4,474,False
4,475,True
4,476,True
4,477,False
4,478,True
4,479,True
4,480,True
4,481,True
4,482,True
4,483,True
4,484,True
4,485,False
4,486,False
4,487,True
4,488,False
4,489,True
4,490,True
4,491,True
4,492,True
4,493,True
4,494,False
4,495,True
4,496,True
4,497,False
4,498,True
4,499,True
4,500,True
4,501,False
4,502,True
4,503,True
4,504,True
4,505,True
4,506,True
4,507,True
4,508,True
4,509,True
4,510,True
4,511,False
4,512,True
4,513,True
4,514,True
4,515,True
4,516,True
4,517,True
4,518,True
4,519,True
4,520,True
4,521,True
4,522,True
4,523,True
4,524,True
4,525,True
4,526,True
4,527,True
4,528,False
4,529,False
4,530,True
4,531,False
4,532,False
4,533,False
4,534,True
4,535,False
4,536,True
4,537,True
4,538,True
4,539,True
4,540,True
4,541,True
4,542,True
4,543,False
4,544,True
4,545,False
4,546,True
4,547,True
4,548,False
4,549,True
4,550,True
4,551,True
4,552,True
4,553,True
4,554,True
4,555,True
4,556,True
4,557,True
4,558,True
4,559,True
4,560,True
4,561,False
4,562,True
4,563,True
4,564,True
4,565,True
4,566,True
4,567,True
4,568,True
4,569,True
4,570,False
4,571,True
4,572,True
4,573,True
4,574,True
4,575,True
4,576,False
4,577,True
4,578,True
4,579,True
4,580,True
4,581,True
4,582,True
4,583,True
4,584,True
4,585,True
4,586,False
4,587,True
4,588,True
4,589,True
4,590,True
4,591,True
4,592,False
4,593,True
4,594,False
4,595,True
4,596,True
4,597,False
4,598,True
4,599,True
4,600,False
4,601,True
4,602,True
4,603,True
4,604,True
4,605,False
4,606,True
4,607,True
4,608,True
4,609,True
4,610,True
4,611,True
4,612,True
4,613,True
4,614,True
4,615,True
4,616,True
4,617,True
4,618,True
4,619,True
4,620,False
4,621,True
4,622,True
4,623,False
4,624,True
4,625,False
4,626,True
4,627,True
4,628,True
4,629,False
4,630,True
4,631,True
4,632,True
4,633,True
4,634,False
4,635,True
4,636,False
4,637,True
4,638,True
4,639,True
4,640,True
4,641,True
4,642,True
4,643,False
4,644,True
4,645,True
4,646,True
4,647,True
4,648,False
4,649,True
4,650,True
4,651,False
4,652,True
4,653,True
4,654,False
4,655,True
4,656,True
4,657,False
4,658,True
4,659,True
4,660,True
4,661,True
4,662,True
4,663,True
4,664,True
4,665,True
4,666,True
4,667,True
4,668,True
4,669,True
4,670,True
4,671,True
4,672,True
4,673,True
4,674,False
4,675,True
4,676,False
4,677,True
4,678,True
4,679,True
4,680,True
4,681,True
4,682,False
4,683,True
4,684,False
4,685,True
4,686,True
4,687,True
4,688,True
4,689,True
4,690,True
4,691,True
4,692,True
4,693,True
4,694,True
4,695,False
4,696,True
4,697,True
4,698,False
4,699,True
4,700,True
4,701,True
4,702,True
4,703,True
4,704,True
4,705,False
4,706,True
4,707,False
4,708,True
4,709,True
4,710,True
4,711,True
5,1,True
5,2,True
5,3,True
5,4,True
5,5,True
5,6,True
5,7,True
5,8,True
5,9,True
5,10,True
5,11,True
5,12,True
5,13,True
5,14,True
5,15,True
5,16,True
5,17,True
5,18,True
5,19,False
5,20,True
5,21,True
5,22,False
5,23,True
5,24,True
5,25,True
5,26,True
5,27,True
5,28,True
5,29,True
5,30,False
5,31,True
5,32,True
5,33,True
5,34,True
5,35,True
5,36,True
5,37,True
5,38,True
5,39,False
5,40,True
5,41,True
5,42,False
5,43,False
5,44,False
5,45,False
5,46,True
5,47,True
5,48,True
5,49,True
5,50,True
5,51,True
5,52,False
5,53,True
5,54,True
5,55,True
5,56,False
5,57,True
5,58,True
5,59,True
5,60,True
5,61,False
5,62,True
5,63,False
5,64,True
5,65,True
5,66,True
5,67,True
5,68,False
5,69,True
5,70,True
5,71,False
5,72,True
5,73,True
5,74,True
5,75,True
5,76,True
5,77,True
5,78,True
5,79,False
5,80,True
5,81,True
5,82,False
5,83,True
5,84,True
5,85,True
5,86,False
5,87,True
5,88,True
5,89,True
5,90,True
5,91,True
5,92,True
5,93,True
5,94,True
5,95,False
5,96,True
5,97,True
5,98,True
5,99,True
5,100,True
5,101,True
5,102,True
5,103,False
5,104,True
5,105,True
5,106,True
5,107,True
5,108,False
5,109,True
5,110,True
5,111,True
5,112,True
5,113,True
5,114,True
5,115,True
5,116,True
5,117,True
5,118,False
5,119,False
5,120,False
5,121,True
5,122,True
5,123,True
5,124,True
5,125,False
5,126,True
5,127,True
5,128,False
5,129,True
5,130,True
5,131,True
5,132,True
5,133,True
5,134,False
5,135,True
5,136,True
5,137,True
5,138,False
5,139,True
5,140,False
5,141,False
5,142,True
5,143,True
5,144,True
5,145,True
5,146,True
5,147,True
5,148,False
5,149,True
5,150,False
5,151,False
5,152,False
5,153,True
5,154,False
5,155,True
5,156,False
5,157,True
5,158,True
5,159,True
5,160,False
5,161,True
5,162,True
5,163,True
5,164,True
5,165,True
5,166,True
5,167,False
5,168,True
5,169,True
5,170,True
5,171,True
5,172,True
5,173,True
5,174,True
5,175,True
5,176,True
5,177,True
5,178,True
5,179,False
5,180,True
5,181,True
5,182,True
5,183,True
5,184,True
5,185,True
5,186,True
5,187,False
5,188,True
5,189,True
5,190,True
5,191,True
5,192,True
5,193,False
5,194,True
5,195,True
5,196,True
5,197,True
5,198,True
5,199,True
5,200,False
5,201,False
5,202,True
5,203,True
5,204,True
5,205,True
5,206,False
5,207,False
5,208,True
5,209,True
5,210,True
5,211,True
5,212,False
5,213,True
5,214,True
5,215,True
5,216,True
5,217,True
5,218,True
5,219,False
5,220,True
5,221,True
5,222,True
5,223,True
5,224,False
5,225,True
5,226,True
5,227,False
5,228,True
5,229,True
5,230,True
5,231,True
5,232,True
5,233,True
5,234,True
5,235,True
5,236,True
5,237,True
5,238,False
5,239,True
5,240,True
5,241,True
5,242,True
5,243,False
5,244,True
5,245,True
5,246,True
5,247,True
5,248,True
5,249,True
5,250,True
5,251,False
5,252,True
5,253,False
5,254,True
5,255,False
5,256,True
5,257,True
5,258,True
5,259,False
5,260,True
5,261,True
5,262,True
5,263,True
5,264,False
5,265,True
5,266,True
5,267,True
5,268,True
5,269,True
5,270,True
5,271,False
5,272,True
5,273,True
5,274,True
5,275,True
5,276,False
5,277,True
5,278,True
5,279,False
5,280,True
5,281,True
5,282,True
5,283,True
5,284,True
5,285,False
5,286,True
5,287,True
5,288,False
5,289,True
5,290,True
5,291,False
5,292,False
5,293,True
5,294,True
5,295,True
5,296,False
5,297,True
5,298,True
5,299,False
5,300,True
5,301,True
5,302,False
5,303,True
5,304,True
5,305,False
5,306,True
5,307,True
5,308,True
5,309,False
5,310,True
5,311,True
5,312,True
5,313,True
5,314,False
5,315,True
5,316,False
5,317,True
5,318,True
5,319,True
5,320,False
5,321,True
5,322,True
5,323,False
5,324,False
5,325,True
5,326,True
5,327,True
5,328,True
5,329,False
5,330,True
5,331,True
5,332,True
5,333,True
5,334,True
5,335,True
5,336,True
5,337,True
5,338,True
5,339,True
5,340,True
5,341,True
5,342,True
5,343,True
5,344,True
5,345,True
5,346,True
5,347,False
5,348,True
5,349,True
5,350,True
5,351,True
5,352,True
5,353,True
5,354,True
5,355,False
5,356,True
5,357,True
5,358,False
5,359,True
5,360,False
5,361,True
5,362,True
5,363,True
5,364,True
5,365,True
5,366,True
5,367,True
5,368,True
5,369,True
5,370,True
5,371,True
5,372,True
5,373,False
5,374,True
5,375,True
5,376,True
5,377,True
5,378,True
5,379,True
5,380,False
5,381,True
5,382,False
5,383,False
5,384,True
5,385,True
5,386,True
5,387,True
5,388,True
5,389,True
5,390,True
5,391,True
5,392,True
5,393,True
5,394,True
5,395,True
5,396,False
5,397,True
5,398,True
5,399,True
5,400,True
5,401,True
5,402,False
5,403,False
5,404,True
5,405,True
5,406,True
5,407,True
5,408,True
5,409,True
5,410,True
5,411,True
5,412,False
5,413,False
5,414,True
5,415,True
5,416,False
5,417,True
5,418,True
5,419,True
5,420,True
5,421,True
5,422,True
5,423,True
5,424,True
5,425,False
5,426,True
5,427,True
5,428,True
5,429,True
5,430,True
5,431,True
5,432,True
5,433,True
5,434,False
5,435,True
5,436,False
5,437,True
5,438,True
5,439,True
5,440,True
5,441,True
5,442,True
5,443,True
5,444,True
5,445,False
5,446,False
5,447,True
5,448,True
5,449,False
5,450,True
5,451,True
5,452,True
5,453,True
5,454,False
5,455,True
5,456,False
5,457,True
5,458,True
5,459,True
5,460,True
5,461,False
5,462,True
5,463,True
5,464,True
5,465,True
5,466,True
5,467,True
5,468,True
5,469,True
5,470,True
5,471,True
5,472,True
5,473,True
5,474,True
5,475,True
5,476,True
5,477,True
5,478,True
5,479,True
5,480,True
5,481,True
5,482,True
5,483,True
5,484,False
5,485,True
5,486,False
5,487,True
5,488,True
5,489,True
5,490,True
5,491,True
5,492,True
5,493,True
5,494,True
5,495,True
5,496,True
5,497,True
5,498,True
5,499,False
5,500,True
5,501,True
5,502,True
5,503,False
5,504,True
5,505,True
5,506,False
5,507,True
5,508,True
5,509,False
5,510,True
5,511,True
5,512,True
5,513,True
5,514,True
5,515,True
5,516,False
5,517,True
5,518,False
5,519,True
5,520,True
5,521,True
5,522,True
5,523,False
5,524,True
5,525,True
5,526,False
5,527,True
5,528,True
5,529,True
5,530,True
5,531,True
5,532,True
5,533,True
5,534,True
5,535,True
5,536,True
5,537,True
5,538,True
5,539,True
5,540,False
5,541,True
5,542,True
5,543,True
5,544,True
5,545,True
5,546,True
5,547,True
5,548,True
5,549,True
5,550,True
5,551,True
5,552,False
5,553,True
5,554,True
5,555,True
5,556,True
5,557,True
5,558,True
5,559,True
5,560,True
5,561,False
5,562,True
5,563,False
5,564,True
5,565,True
5,566,True
5,567,True
5,568,False
5,569,True
5,570,True
5,571,True
5,572,True
5,573,True
5,574,True
5,575,False
5,576,False
5,577,True
5,578,True
5,579,True
5,580,True
5,581,False
5,582,True
5,583,True
5,584,True
5,585,False
5,586,True
5,587,False
5,588,True
5,589,True
5,590,False
5,591,True
5,592,True
5,593,True
5,594,True
5,595,True
5,596,True
5,597,True
5,598,True
5,599,True
5,600,False
5,601,True
5,602,True
5,603,True
5,604,True
5,605,True
5,606,True
5,607,True
5,608,True
5,609,True
5,610,True
5,611,True
5,612,True
5,613,True
5,614,True
5,615,True
5,616,True
5,617,True
5,618,True
5,619,True
5,620,True
5,621,False
5,622,True
5,623,False
5,624,True
5,625,False
5,626,True
5,627,True
5,628,True
5,629,True
5,630,False
5,631,True
5,632,False
5,633,False
5,634,True
5,635,True
5,636,True
5,637,True
5,638,True
5,639,True
5,640,True
5,641,True
5,642,True
5,643,True
5,644,True
5,645,True
5,646,True
5,647,False
5,648,True
5,649,True
5,650,True
5,651,True
5,652,True
5,653,False
5,654,True
5,655,True
5,656,True
5,657,True
5,658,True
5,659,True
5,660,False
5,661,True
5,662,True
5,663,True
5,664,True
5,665,True
5,666,False
5,667,True
5,668,True
5,669,True
5,670,True
5,671,True
5,672,True
5,673,True
5,674,False
5,675,False
5,676,True
5,677,True
5,678,True
5,679,True
5,680,True
5,681,True
5,682,True
5,683,True
5,684,True
5,685,False
5,686,True
5,687,True
5,688,True
5,689,True
5,690,True
5,691,True
5,692,True
5,693,True
5,694,True
5,695,True
5,696,True
5,697,True
5,698,False
5,699,True
5,700,True
5,701,True
5,702,True
5,703,True
5,704,True
5,705,True
5,706,True
5,707,False
5,708,True
5,709,True
5,710,False
5,711,True
6,1,True
6,2,True
6,3,True
6,4,True
6,5,True
6,6,True
6,7,False
6,8,True
6,9,True
6,10,True
6,11,True
6,12,True
6,13,True
6,14,True
6,15,True
6,16,True
6,17,True
6,18,False
6,19,True
6,20,True
6,21,True
6,22,True
6,23,True
6,24,False
6,25,True
6,26,False
6,27,True
6,28,True
6,29,True
6,30,True
6,31,True
6,32,True
6,33,True
6,34,True
6,35,True
6,36,True
6,37,False
6,38,True
6,39,False
6,40,True
6,41,True
6,42,False
6,43,True
6,44,True
6,45,True
6,46,True
6,47,True
6,48,True
6,49,True
6,50,True
6,51,False
6,52,True
6,53,False
6,54,False
6,55,True
6,56,True
6,57,True
6,58,False
6,59,True
6,60,False
6,61,True
6,62,True
6,63,True
6,64,True
6,65,True
6,66,False
6,67,True
6,68,True
6,69,True
6,70,False
6,71,True
6,72,True
6,73,True
6,74,True
6,75,True
6,76,True
6,77,True
6,78,False
6,79,True
6,80,True
6,81,True
6,82,False
6,83,True
6,84,True
6,85,True
6,86,False
6,87,True
6,88,True
6,89,True
6,90,True
6,91,True
6,92,True
6,93,True
6,94,False
6,95,True
6,96,False
6,97,True
6,98,True
6,99,False
6,100,False
6,101,True
6,102,True
6,103,True
6,104,True
6,105,True
6,106,True
6,107,True
6,108,True
6,109,True
6,110,True
6,111,False
6,112,True
6,113,True
6,114,True
6,115,False
6,116,False
6,117,False
6,118,False
6,119,True
6,120,True
6,121,True
6,122,True
6,123,True
6,124,True
6,125,True
6,126,True
6,127,True
6,128,True
6,129,True
6,130,True
6,131,True
6,132,True
6,133,False
6,134,False
6,135,True
6,136,True
6,137,True
6,138,True
6,139,True
6,140,True
6,141,True
6,142,False
6,143,True
6,144,True
6,145,True
6,146,True
6,147,True
6,148,False
6,149,True
6,150,True
6,151,False
6,152,True
6,153,True
6,154,True
6,155,True
6,156,True
6,157,True
6,158,True
6,159,False
6,160,False
6,161,False
6,162,True
6,163,True
6,164,True
6,165,True
6,166,True
6,167,True
6,168,True
6,169,True
6,170,True
6,171,True
6,172,False
6,173,True
6,174,True
6,175,True
6,176,True
6,177,True
6,178,False
6,179,True
6,180,True
6,181,False
6,182,True
6,183,True
6,184,True
6,185,True
6,186,True
6,187,True
6,188,True
6,189,True
6,190,True
6,191,True
6,192,True
6,193,True
6,194,True
6,195,True
6,196,True
6,197,True
6,198,True
6,199,False
6,200,True
6,201,True
6,202,False
6,203,False
6,204,True
6,205,True
6,206,True
6,207,True
6,208,True
6,209,True
6,210,True
6,211,True
6,212,True
6,213,True
6,214,False
6,215,True
6,216,False
6,217,False
6,218,True
6,219,True
6,220,True
6,221,False
6,222,False
6,223,True
6,224,True
6,225,True
6,226,True
6,227,True
6,228,False
6,229,True
6,230,False
6,231,True
6,232,True
6,233,True
6,234,True
6,235,True
6,236,True
6,237,True
6,238,True
6,239,True
6,240,True
6,241,False
6,242,True
6,243,True
6,244,True
6,245,True
6,246,True
6,247,True
6,248,True
6,249,True
6,250,True
6,251,True
6,252,True
6,253,True
6,254,True
6,255,True
6,256,True
6,257,True
6,258,True
6,259,True
6,260,True
6,261,True
6,262,True
6,263,True
6,264,True
6,265,False
6,266,True
6,267,True
6,268,False
6,269,True
6,270,True
6,271,False
6,272,True
6,273,False
6,274,True
6,275,True
6,276,True
6,277,False
6,278,True
6,279,True
6,280,False
6,281,True
6,282,True
6,283,True
6,284,True
6,285,False
6,286,False
6,287,True
6,288,True
6,289,True
6,290,False
6,291,True
6,292,True
6,293,False
6,294,True
6,295,True
6,296,True
6,297,False
6,298,True
6,299,True
6,300,False
6,301,True
6,302,False
6,303,True
6,304,True
6,305,True
6,306,True
6,307,False
6,308,True
6,309,True
6,310,True
6,311,False
6,312,True
6,313,False
6,314,True
6,315,True
6,316,False
6,317,False
6,318,True
6,319,True
6,320,True
6,321,True
6,322,True
6,323,True
6,324,True
6,325,True
6,326,True
6,327,True
6,328,False
6,329,False
6,330,True
6,331,True
6,332,True
6,333,True
6,334,True
6,335,True
6,336,True
6,337,False
6,338,True
6,339,True
6,340,True
6,341,True
6,342,True
6,343,True
6,344,False
6,345,True
6,346,True
6,347,True
6,348,True
6,349,True
6,350,True
6,351,True
6,352,True
6,353,True
6,354,False
6,355,True
6,356,True
6,357,False
6,358,True
6,359,True
6,360,False
6,361,True
6,362,True
6,363,True
6,364,True
6,365,True
6,366,True
6,367,True
6,368,True
6,369,False
6,370,True
6,371,True
6,372,True
6,373,False
6,374,False
6,375,False
6,376,False
6,377,True
6,378,True
6,379,True
6,380,True
6,381,True
6,382,True
6,383,True
6,384,True
6,385,False
6,386,True
6,387,True
6,388,False
6,389,True
6,390,False
6,391,True
6,392,False
6,393,True
6,394,True
6,395,True
6,396,True
6,397,False
6,398,True
6,399,True
6,400,True
6,401,True
6,402,False
6,403,True
6,404,True
6,405,True
6,406,True
6,407,True
6,408,True
6,409,True
6,410,True
6,411,True
6,412,False
6,413,True
6,414,True
6,415,True
6,416,True
6,417,True
6,418,False
6,419,True
6,420,True
6,421,False
6,422,False
6,423,True
6,424,False
6,425,True
6,426,True
6,427,True
6,428,False
6,429,True
6,430,False
6,431,True
6,432,True
6,433,True
6,434,True
6,435,True
6,436,True
6,437,True
6,438,True
6,439,True
6,440,True
6,441,True
6,442,True
6,443,True
6,444,True
6,445,True
6,446,True
6,447,True
6,448,False
6,449,False
6,450,True
6,451,True
6,452,True
6,453,False
6,454,False
6,455,False
6,456,True
6,457,True
6,458,True
6,459,False
6,460,True
6,461,True
6,462,True
6,463,False
6,464,True
6,465,True
6,466,True
6,467,False
6,468,True
6,469,True
6,470,True
6,471,False
6,472,True
6,473,True
6,474,True
6,475,True
6,476,True
6,477,True
6,478,True
6,479,True
6,480,True
6,481,True
6,482,False
6,483,True
6,484,True
6,485,True
6,486,True
6,487,False
6,488,True
6,489,True
6,490,True
6,491,True
6,492,True
6,493,True
6,494,True
6,495,True
6,496,True
6,497,True
6,498,False
6,499,True
6,500,True
6,501,True
6,502,True
6,503,True
6,504,True
6,505,True
6,506,True
6,507,False
6,508,True
6,509,True
6,510,True
6,511,True
6,512,True
6,513,True
6,514,False
6,515,True
6,516,False
6,517,True
6,518,True
6,519,True
6,520,True
6,521,True
6,522,True
6,523,True
6,524,True
6,525,True
6,526,True
6,527,True
6,528,False
6,529,False
6,530,False
6,531,True
6,532,True
6,533,True
6,534,True
6,535,True
6,536,True
6,537,True
6,538,True
6,539,True
6,540,False
6,541,False
6,542,True
6,543,True
6,544,True
6,545,True
6,546,True
6,547,True
6,548,True
6,549,True
6,550,False
6,551,True
6,552,True
6,553,True
6,554,True
6,555,True
6,556,True
6,557,False
6,558,True
6,559,True
6,560,True
6,561,True
6,562,True
6,563,True
6,564,True
6,565,True
6,566,True
6,567,True
6,568,True
6,569,True
6,570,True
6,571,False
6,572,True
6,573,True
6,574,True
6,575,False
6,576,False
6,577,True
6,578,True
6,579,False
6,580,True
6,581,True
6,582,True
6,583,False
6,584,True
6,585,True
6,586,True
6,587,True
6,588,True
6,589,False
6,590,True
6,591,True
6,592,True
6,593,True
6,594,True
6,595,True
6,596,True
6,597,True
6,598,False
6,599,True
6,600,True
6,601,True
6,602,True
6,603,False
6,604,True
6,605,True
6,606,True
6,607,False
6,608,True
6,609,False
6,610,True
6,611,False
6,612,False
6,613,True
6,614,True
6,615,True
6,616,True
6,617,False
6,618,True
6,619,True
6,620,True
6,621,True
6,622,False
6,623,True
6,624,True
6,625,False
6,626,True
6,627,True
6,628,True
6,629,False
6,630,False
6,631,True
6,632,True
6,633,True
6,634,True
6,635,True
6,636,True
6,637,True
6,638,True
6,639,True
6,640,True
6,641,True
6,642,True
6,643,True
6,644,True
6,645,True
6,646,True
6,647,True
6,648,True
6,649,True
6,650,True
6,651,True
6,652,False
6,653,True
6,654,False
6,655,True
6,656,True
6,657,True
6,658,True
6,659,False
6,660,False
6,661,True
6,662,True
6,663,True
6,664,True
6,665,True
6,666,False
6,667,True
6,668,True
6,669,True
6,670,False
6,671,True
6,672,True
6,673,True
6,674,True
6,675,True
6,676,True
6,677,True
6,678,True
6,679,True
6,680,False
6,681,True
6,682,True
6,683,True
6,684,True
6,685,True
6,686,True
6,687,True
6,688,True
6,689,True
6,690,True
6,691,False
6,692,True
6,693,True
6,694,False
6,695,True
6,696,True
6,697,True
6,698,False
6,699,True
6,700,False
6,701,True
6,702,False
6,703,True
6,704,True
6,705,True
6,706,True
6,707,False
6,708,True
6,709,True
6,710,True
6,711,True
7,1,True
7,2,True
7,3,False
7,4,True
7,5,True
7,6,False
7,7,True
7,8,False
7,9,True
7,10,True
7,11,True
7,12,True
7,13,True
7,14,True
7,15,True
7,16,True
7,17,True
7,18,True
7,19,False
7,20,True
7,21,True
7,22,True
7,23,True
7,24,True
7,25,True
7,26,True
7,27,True
7,28,True
7,29,False
7,30,True
7,31,False
7,32,True
7,33,True
7,34,True
7,35,False
7,36,False
7,37,True
7,38,True
7,39,True
7,40,True
7,41,True
7,42,True
7,43,True
7,44,True
7,45,False
7,46,True
7,47,True
7,48,True
7,49,True
7,50,False
7,51,True
7,52,True
7,53,True
7,54,False
7,55,True
7,56,True
7,57,True
7,58,True
7,59,True
7,60,True
7,61,False
7,62,True
7,63,True
7,64,True
7,65,True
7,66,True
7,67,True
7,68,True
7,69,True
7,70,True
7,71,True
7,72,True
7,73,True
7,74,True
7,75,True
7,76,True
7,77,False
7,78,True
7,79,True
7,80,True
7,81,False
7,82,True
7,83,True
7,84,True
7,85,True
7,86,True
7,87,True
7,88,True
7,89,True
7,90,True
7,91,True
7,92,True
7,93,False
7,94,True
7,95,True
7,96,True
7,97,True
7,98,False
7,99,False
7,100,True
7,101,False
7,102,True
7,103,True
7,104,True
7,105,True
7,106,True
7,107,True
7,108,False
7,109,True
7,110,True
7,111,True
7,112,True
7,113,True
7,114,True
7,115,True
7,116,True
7,117,False
7,118,True
7,119,False
7,120,False
7,121,True
7,122,True
7,123,True
7,124,False
7,125,False
7,126,True
7,127,True
7,128,True
7,129,True
7,130,False
7,131,False
7,132,True
7,133,True
7,134,True
7,135,True
7,136,True
7,137,True
7,138,True
7,139,False
7,140,True
7,141,False
7,142,True
7,143,True
7,144,False
7,145,True
7,146,True
7,147,True
7,148,False
7,149,True
7,150,True
7,151,True
7,152,True
7,153,False
7,154,True
7,155,True
7,156,False
7,157,False
7,158,False
7,159,True
7,160,True
7,161,True
7,162,False
7,163,True
7,164,True
7,165,True
7,166,False
7,167,True
7,168,True
7,169,True
7,170,True
7,171,True
7,172,True
7,173,True
7,174,True
7,175,True
7,176,True
7,177,False
7,178,False
7,179,True
7,180,True
7,181,False
7,182,True
7,183,True
7,184,True
7,185,True
7,186,True
7,187,True
7,188,False
7,189,True
7,190,True
7,191,False
7,192,False
7,193,True
7,194,True
7,195,True
7,196,True
7,197,False
7,198,True
7,199,True
7,200,False
7,201,True
7,202,True
7,203,False
7,204,True
7,205,True
7,206,False
7,207,True
7,208,False
7,209,True
7,210,True
7,211,True
7,212,False
7,213,True
7,214,True
7,215,True
7,216,True
7,217,True
7,218,True
7,219,False
7,220,True
7,221,False
7,222,True
7,223,False
7,224,False
7,225,False
7,226,False
7,227,True
7,228,True
7,229,True
7,230,True
7,231,True
7,232,True
7,233,True
7,234,True
7,235,True
7,236,True
7,237,True
7,238,True
7,239,True
7,240,True
7,241,True
7,242,True
7,243,True
7,244,False
7,245,True
7,246,True
7,247,True
7,248,True
7,249,False
7,250,True
7,251,True
7,252,False
7,253,True
7,254,True
7,255,True
7,256,True
7,257,True
7,258,False
7,259,True
7,260,True
7,261,True
7,262,True
7,263,False
7,264,True
7,265,True
7,266,True
7,267,True
7,268,True
7,269,True
7,270,True
7,271,True
7,272,True
7,273,True
7,274,True
7,275,True
7,276,True
7,277,True
7,278,True
7,279,True
7,280,True
7,281,True
7,282,True
7,283,True
7,284,False
7,285,True
7,286,True
7,287,True
7,288,True
7,289,False
7,290,True
7,291,True
7,292,True
7,293,True
7,294,True
7,295,True
7,296,False
7,297,True
7,298,True
7,299,True
7,300,True
7,301,True
7,302,False
7,303,False
7,304,True
7,305,True
7,306,True
7,307,True
7,308,True
7,309,True
7,310,True
7,311,True
7,312,True
7,313,True
7,314,True
7,315,True
7,316,True
7,317,True
7,318,True
7,319,True
7,320,True
7,321,True
7,322,False
7,323,True
7,324,True
7,325,True
7,326,True
7,327,True
7,328,False
7,329,False
7,330,True
7,331,True
7,332,True
7,333,False
7,334,False
7,335,True
7,336,True
7,337,True
7,338,True
7,339,True
7,340,True
7,341,False
7,342,True
7,343,True
7,344,True
7,345,False
7,346,True
7,347,True
7,348,True
7,349,True
7,350,False
7,351,True
7,352,True
7,353,False
7,354,False
7,355,False
7,356,False
7,357,True
7,358,True
7,359,True
7,360,False
7,361,False
7,362,True
7,363,True
7,364,True
7,365,True
7,366,False
7,367,True
7,368,True
7,369,True
7,370,True
7,371,True
7,372,True
7,373,True
7,374,True
7,375,False
7,376,False
7,377,True
7,378,True
7,379,True
7,380,True
7,381,True
7,382,True
7,383,True
7,384,False
7,385,True
7,386,True
7,387,True
7,388,True
7,389,True
7,390,True
7,391,True
7,392,False
7,393,True
7,394,True
7,395,True
7,396,True
7,397,True
7,398,True
7,399,True
7,400,True
7,401,True
7,402,True
7,403,False
7,404,True
7,405,True
7,406,True
7,407,True
7,408,True
7,409,True
7,410,True
7,411,True
7,412,False
7,413,True
7,414,True
7,415,True
7,416,True
7,417,True
7,418,True
7,419,True
7,420,True
7,421,True
7,422,True
7,423,True
7,424,True
7,425,True
7,426,True
7,427,True
7,428,True
7,429,True
7,430,True
7,431,False
7,432,True
7,433,False
7,434,True
7,435,False
7,436,True
7,437,True
7,438,True
7,439,False
7,440,True
7,441,True
7,442,True
7,443,True
7,444,True
7,445,True
7,446,True
7,447,True
7,448,True
7,449,True
7,450,True
7,451,True
7,452,True
7,453,True
7,454,True
7,455,False
7,456,True
7,457,True
7,458,True
7,459,True
7,460,True
7,461,True
7,462,True
7,463,False
7,464,True
7,465,True
7,466,True
7,467,True
7,468,True
7,469,False
7,470,True
7,471,True
7,472,True
7,473,False
7,474,False
7,475,True
7,476,True
7,477,True
7,478,True
7,479,True
7,480,True
7,481,False
7,482,True
7,483,True
7,484,True
7,485,True
7,486,False
7,487,False
7,488,False
7,489,True
7,490,True
7,491,True
7,492,True
7,493,True
7,494,True
7,495,True
7,496,True
7,497,True
7,498,True
7,499,True
7,500,True
7,501,True
7,502,False
7,503,True
7,504,True
7,505,False
7,506,True
7,507,True
7,508,True
7,509,False
7,510,True
7,511,False
7,512,True
7,513,False
7,514,True
7,515,True
7,516,True
7,517,False
7,518,True
7,519,False
7,520,True
7,521,True
7,522,True
7,523,False
7,524,True
7,525,True
7,526,False
7,527,True
7,528,True
7,529,True
7,530,False
7,531,True
7,532,True
7,533,True
7,534,False
7,535,False
7,536,True
7,537,True
7,538,True
7,539,True
7,540,True
7,541,True
7,542,True
7,543,True
7,544,True
7,545,True
7,546,True
7,547,True
7,548,True
7,549,True
7,550,True
7,551,True
7,552,True
7,553,True
7,554,True
7,555,True
7,556,True
7,557,True
7,558,True
7,559,True
7,560,True
7,561,True
7,562,True
7,563,False
7,564,False
7,565,True
7,566,True
7,567,True
7,568,True
7,569,True
7,570,True
7,571,False
7,572,True
7,573,True
7,574,False
7,575,True
7,576,True
7,577,True
7,578,True
7,579,True
7,580,False
7,581,True
7,582,True
7,583,True
7,584,True
7,585,True
7,586,True
7,587,True
7,588,True
7,589,True
7,590,True
7,591,True
7,592,True
7,593,True
7,594,True
7,595,True
7,596,True
7,597,True
7,598,True
7,599,False
7,600,True
7,601,True
7,602,False
7,603,True
7,604,True
7,605,False
7,606,True
7,607,True
7,608,False
7,609,True
7,610,True
7,611,True
7,612,True
7,613,True
7,614,True
7,615,True
7,616,True
7,617,True
7,618,False
7,619,True
7,620,True
7,621,True
7,622,True
7,623,True
7,624,True
7,625,False
7,626,True
7,627,True
7,628,True
7,629,False
7,630,True
7,631,True
7,632,True
7,633,False
7,634,False
7,635,True
7,636,True
7,637,True
7,638,True
7,639,True
7,640,True
7,641,True
7,642,True
7,643,True
7,644,True
7,645,True
7,646,True
7,647,False
7,648,True
7,649,True
7,650,True
7,651,True
7,652,True
7,653,False
7,654,True
7,655,True
7,656,True
7,657,True
7,658,False
7,659,True
7,660,False
7,661,True
7,662,True
7,663,True
7,664,True
7,665,True
7,666,False
7,667,True
7,668,True
7,669,True
7,670,True
7,671,True
7,672,True
7,673,True
7,674,True
7,675,False
7,676,True
7,677,True
7,678,True
7,679,False
7,680,True
7,681,True
7,682,False
7,683,True
7,684,False
7,685,True
7,686,False
7,687,True
7,688,True
7,689,True
7,690,True
7,691,False
7,692,True
7,693,True
7,694,True
7,695,True
7,696,True
7,697,True
7,698,True
7,699,False
7,700,True
7,701,False
7,702,True
7,703,True
7,704,True
7,705,False
7,706,False
7,707,True
7,708,True
7,709,True
7,710,True
7,711,True
8,1,False
8,2,True
8,3,False
8,4,True
8,5,True
8,6,True
8,7,True
8,8,True
8,9,True
8,10,True
8,11,True
8,12,True
8,13,True
8,14,True
8,15,False
8,16,True
8,17,True
8,18,True
8,19,False
8,20,True
8,21,True
8,22,True
8,23,True
8,24,False
8,25,False
8,26,True
8,27,True
8,28,True
8,29,True
8,30,False
8,31,True
8,32,True
8,33,True
8,34,True
8,35,True
8,36,True
8,37,True
8,38,True
8,39,True
8,40,True
8,41,True
8,42,True
8,43,True
8,44,True
8,45,True
8,46,True
8,47,True
8,48,True
8,49,True
8,50,True
8,51,True
8,52,True
8,53,True
8,54,True
8,55,True
8,56,True
8,57,True
8,58,True
8,59,True
8,60,False
8,61,True
8,62,True
8,63,True
8,64,True
8,65,False
8,66,False
8,67,True
8,68,True
8,69,True
8,70,True
8,71,True
8,72,True
8,73,True
8,74,False
8,75,True
8,76,True
8,77,False
8,78,True
8,79,True
8,80,True
8,81,True
8,82,True
8,83,True
8,84,True
8,85,False
8,86,False
8,87,True
8,88,False
8,89,True
8,90,True
8,91,True
8,92,True
8,93,True
8,94,True
8,95,True
8,96,False
8,97,False
8,98,True
8,99,True
8,100,False
8,101,True
8,102,True
8,103,False
8,104,True
8,105,True
8,106,True
8,107,True
8,108,True
8,109,True
8,110,False
8,111,True
8,112,True
8,113,True
8,114,False
8,115,True
8,116,False
8,117,True
8,118,True
8,119,True
8,120,True
8,121,True
8,122,True
8,123,True
8,124,True
8,125,True
8,126,True
8,127,False
8,128,True
8,129,True
8,130,True
8,131,False
8,132,True
8,133,True
8,134,True
8,135,True
8,136,True
8,137,True
8,138,True
8,139,True
8,140,True
8,141,True
8,142,True
8,143,True
8,144,True
8,145,True
8,146,True
8,147,False
8,148,True
8,149,True
8,150,True
8,151,True
8,152,True
8,153,False
8,154,True
8,155,True
8,156,True
8,157,True
8,158,True
8,159,True
8,160,True
8,161,True
8,162,False
8,163,True
8,164,False
8,165,True
8,166,True
8,167,True
8,168,True
8,169,True
8,170,True
8,171,True
8,172,True
8,173,False
8,174,False
8,175,True
8,176,True
8,177,True
8,178,True
8,179,True
8,180,True
8,181,True
8,182,True
8,183,True
8,184,False
8,185,True
8,186,True
8,187,True
8,188,True
8,189,True
8,190,True
8,191,True
8,192,True
8,193,True
8,194,True
8,195,True
8,196,True
8,197,True
8,198,True
8,199,True
8,200,True
8,201,False
8,202,True
8,203,True
8,204,True
8,205,True
8,206,True
8,207,True
8,208,True
8,209,False
8,210,True
8,211,False
8,212,True
8,213,True
8,214,True
8,215,True
8,216,True
8,217,True
8,218,True
8,219,False
8,220,True
8,221,True
8,222,True
8,223,True
8,224,True
8,225,True
8,226,False
8,227,True
8,228,False
8,229,False
8,230,True
8,231,True
8,232,False
8,233,True
8,234,True
8,235,True
8,236,True
8,237,True
8,238,True
8,239,True
8,240,True
8,241,True
8,242,True
8,243,True
8,244,True
8,245,False
8,246,False
8,247,False
8,248,True
8,249,True
8,250,True
8,251,True
8,252,True
8,253,True
8,254,False
8,255,True
8,256,True
8,257,True
8,258,True
8,259,True
8,260,True
8,261,True
8,262,True
8,263,True
8,264,True
8,265,True
8,266,True
8,267,True
8,268,True
8,269,False
8,270,True
8,271,True
8,272,True
8,273,False
8,274,True
8,275,True
8,276,True
8,277,True
8,278,True
8,279,True
8,280,True
8,281,True
8,282,False
8,283,True
8,284,False
8,285,False
8,286,True
8,287,False
8,288,True
8,289,False
8,290,True
8,291,False
8,292,True
8,293,True
8,294,True
8,295,True
8,296,True
8,297,True
8,298,True
8,299,True
8,300,True
8,301,True
8,302,True
8,303,True
8,304,True
8,305,True
8,306,True
8,307,True
8,308,True
8,309,True
8,310,True
8,311,True
8,312,True
8,313,False
8,314,True
8,315,True
8,316,True
8,317,False
8,318,True
8,319,True
8,320,True
8,321,False
8,322,True
8,323,False
8,324,True
8,325,True
8,326,True
8,327,True
8,328,True
8,329,True
8,330,True
8,331,True
8,332,True
8,333,True
8,334,True
8,335,True
8,336,True
8,337,False
8,338,True
8,339,True
8,340,True
8,341,True
8,342,True
8,343,True
8,344,False
8,345,False
8,346,True
8,347,True
8,348,True
8,349,False
8,350,True
8,351,True
8,352,False
8,353,False
8,354,True
8,355,True
8,356,True
8,357,True
8,358,True
8,359,True
8,360,True
8,361,True
8,362,False
8,363,True
8,364,True
8,365,False
8,366,False
8,367,True
8,368,True
8,369,True
8,370,True
8,371,True
8,372,True
8,373,True
8,374,True
8,375,True
8,376,True
8,377,True
8,378,False
8,379,True
8,380,False
8,381,False
8,382,True
8,383,True
8,384,False
8,385,True
8,386,True
8,387,True
8,388,False
8,389,True
8,390,True
8,391,True
8,392,True
8,393,False
8,394,True
8,395,True
8,396,True
8,397,True
8,398,True
8,399,False
8,400,True
8,401,False
8,402,False
8,403,True
8,404,True
8,405,True
8,406,True
8,407,True
8,408,True
8,409,True
8,410,True
8,411,True
8,412,True
8,413,True
8,414,False
8,415,True
8,416,True
8,417,True
8,418,True
8,419,False
8,420,True
8,421,False
8,422,False
8,423,True
8,424,True
8,425,True
8,426,True
8,427,True
8,428,True
8,429,True
8,430,True
8,431,True
8,432,True
8,433,True
8,434,True
8,435,True
8,436,True
8,437,True
8,438,True
8,439,True
8,440,True
8,441,True
8,442,True
8,443,True
8,444,True
8,445,True
8,446,False
8,447,True
8,448,False
8,449,True
8,450,True
8,451,False
8,452,True
8,453,False
8,454,True
8,455,False
8,456,True
8,457,True
8,458,True
8,459,True
8,460,True
8,461,True
8,462,False
8,463,False
8,464,True
8,465,True
8,466,True
8,467,True
8,468,True
8,469,True
8,470,True
8,471,True
8,472,False
8,473,True
8,474,True
8,475,True
8,476,True
8,477,True
8,478,True
8,479,True
8,480,True
8,481,True
8,482,True
8,483,True
8,484,True
8,485,True
8,486,True
8,487,False
8,488,False
8,489,True
8,490,True
8,491,False
8,492,False
8,493,True
8,494,True
8,495,True
8,496,True
8,497,True
8,498,True
8,499,True
8,500,True
8,501,True
8,502,True
8,503,True
8,504,False
8,505,True
8,506,True
8,507,False
8,508,True
8,509,True
8,510,True
8,511,True
8,512,True
8,513,True
8,514,True
8,515,True
8,516,True
8,517,False
8,518,True
8,519,True
8,520,True
8,521,True
8,522,True
8,523,True
8,524,True
8,525,True
8,526,True
8,527,True
8,528,False
8,529,False
8,530,True
8,531,True
8,532,True
8,533,True
8,534,True
8,535,False
8,536,True
8,537,True
8,538,False
8,539,True
8,540,True
8,541,True
8,542,True
8,543,True
8,544,True
8,545,True
8,546,True
8,547,False
8,548,True
8,549,True
8,550,False
8,551,True
8,552,True
8,553,True
8,554,True
8,555,True
8,556,True
8,557,True
8,558,True
8,559,True
8,560,True
8,561,True
8,562,True
8,563,True
8,564,True
8,565,True
8,566,False
8,567,False
8,568,False
8,569,False
8,570,False
8,571,False
8,572,True
8,573,True
8,574,True
8,575,True
8,576,True
8,577,True
8,578,False
8,579,True
8,580,False
8,581,False
8,582,True
8,583,True
8,584,True
8,585,True
8,586,True
8,587,True
8,588,False
8,589,False
8,590,False
8,591,True
8,592,True
8,593,True
8,594,True
8,595,True
8,596,True
8,597,True
8,598,True
8,599,True
8,600,True
8,601,False
8,602,False
8,603,True
8,604,True
8,605,True
8,606,False
8,607,True
8,608,False
8,609,True
8,610,True
8,611,True
8,612,True
8,613,True
8,614,True
8,615,True
8,616,True
8,617,False
8,618,True
8,619,True
8,620,False
8,621,True
8,622,False
8,623,True
8,624,False
8,625,True
8,626,False
8,627,True
8,628,False
8,629,True
8,630,True
8,631,True
8,632,True
8,633,True
8,634,True
8,635,True
8,636,True
8,637,True
8,638,True
8,639,True
8,640,True
8,641,False
8,642,True
8,643,True
8,644,True
8,645,False
8,646,True
8,647,True
8,648,False
8,649,True
8,650,True
8,651,False
8,652,True
8,653,True
8,654,False
8,655,True
8,656,True
8,657,False
8,658,True
8,659,True
8,660,True
8,661,True
8,662,True
8,663,True
8,664,True
8,665,False
8,666,False
8,667,False
8,668,True
8,669,True
8,670,True
8,671,False
8,672,True
8,673,True
8,674,False
8,675,True
8,676,False
8,677,False
8,678,True
8,679,True
8,680,True
8,681,False
8,682,True
8,683,True
8,684,True
8,685,True
8,686,True
8,687,True
8,688,True
8,689,True
8,690,True
8,691,True
8,692,True
8,693,True
8,694,False
8,695,False
8,696,True
8,697,True
8,698,True
8,699,False
8,700,True
8,701,True
8,702,True
8,703,True
8,704,True
8,705,True
8,706,False
8,707,True
8,708,True
8,709,True
8,710,False
8,711,True
9,1,True
9,2,True
9,3,True
9,4,True
9,5,True
9,6,True
9,7,True
9,8,True
9,9,True
9,10,True
9,11,True
9,12,True
9,13,True
9,14,True
9,15,True
9,16,True
9,17,True
9,18,True
9,19,True
9,20,True
9,21,True
9,22,True
9,23,True
9,24,True
9,25,False
9,26,True
9,27,False
9,28,True
9,29,True
9,30,False
9,31,True
9,32,True
9,33,True
9,34,True
9,35,True
9,36,True
9,37,True
9,38,True
9,39,True
9,40,True
9,41,True
9,42,True
9,43,False
9,44,True
9,45,True
9,46,True
9,47,False
9,48,True
9,49,True
9,50,True
9,51,True
9,52,True
9,53,False
9,54,True
9,55,True
9,56,True
9,57,True
9,58,True
9,59,True
9,60,True
9,61,True
9,62,False
9,63,True
9,64,True
9,65,True
9,66,True
9,67,True
9,68,True
9,69,False
9,70,True
9,71,True
9,72,True
9,73,True
9,74,True
9,75,True
9,76,True
9,77,True
9,78,True
9,79,False
9,80,False
9,81,True
9,82,True
9,83,False
9,84,True
9,85,True
9,86,False
9,87,False
9,88,True
9,89,True
9,90,True
9,91,True
9,92,False
9,93,True
9,94,True
9,95,True
9,96,True
9,97,True
9,98,True
9,99,True
9,100,True
9,101,True
9,102,True
9,103,False
9,104,False
9,105,True
9,106,False
9,107,True
9,108,True
9,109,True
9,110,False
9,111,True
9,112,True
9,113,True
9,114,True
9,115,True
9,116,True
9,117,True
9,118,True
9,119,True
9,120,True
9,121,True
9,122,False
9,123,True
9,124,False
9,125,False
9,126,False
9,127,True
9,128,True
9,129,False
9,130,True
9,131,True
9,132,False
9,133,False
9,134,True
9,135,True
9,136,True
9,137,True
9,138,True
9,139,True
9,140,False
9,141,False
9,142,True
9,143,False
9,144,False
9,145,True
9,146,True
9,147,False
9,148,False
9,149,True
9,150,True
9,151,False
9,152,True
9,153,True
9,154,True
9,155,True
9,156,True
9,157,True
9,158,True
9,159,False
9,160,False
9,161,True
9,162,True
9,163,True
9,164,True
9,165,True
9,166,True
9,167,True
9,168,False
9,169,True
9,170,True
9,171,True
9,172,False
9,173,True
9,174,True
9,175,True
9,176,True
9,177,True
9,178,True
9,179,True
9,180,True
9,181,True
9,182,True
9,183,True
9,184,True
9,185,True
9,186,True
9,187,False
9,188,True
9,189,True
9,190,True
9,191,True
9,192,True
9,193,True
9,194,True
9,195,True
9,196,False
9,197,True
9,198,True
9,199,True
9,200,True
9,201,True
9,202,True
9,203,True
9,204,True
9,205,True
9,206,False
9,207,False
9,208,True
9,209,True
9,210,False
9,211,False
9,212,True
9,213,True
9,214,True
9,215,True
9,216,True
9,217,True
9,218,True
9,219,False
9,220,True
9,221,False
9,222,False
9,223,True
9,224,False
9,225,True
9,226,True
9,227,False
9,228,True
9,229,True
9,230,True
9,231,False
9,232,True
9,233,True
9,234,True
9,235,False
9,236,True
9,237,True
9,238,True
9,239,True
9,240,False
9,241,True
9,242,False
9,243,True
9,244,True
9,245,False
9,246,True
9,247,True
9,248,True
9,249,True
9,250,False
9,251,True
9,252,True
9,253,True
9,254,True
9,255,True
9,256,True
9,257,True
9,258,True
9,259,True
9,260,True
9,261,False
9,262,True
9,263,False
9,264,True
9,265,True
9,266,True
9,267,True
9,268,True
9,269,True
9,270,False
9,271,False
9,272,True
9,273,True
9,274,True
9,275,True
9,276,True
9,277,True
9,278,True
9,279,True
9,280,True
9,281,True
9,282,True
9,283,True
9,284,True
9,285,True
9,286,True
9,287,True
9,288,False
9,289,True
9,290,True
9,291,True
9,292,True
9,293,True
9,294,True
9,295,True
9,296,True
9,297,True
9,298,True
9,299,True
9,300,True
9,301,True
9,302,True
9,303,True
9,304,True
9,305,True
9,306,True
9,307,True
9,308,True
9,309,True
9,310,True
9,311,True
9,312,True
9,313,False
9,314,True
9,315,False
9,316,True
9,317,True
9,318,True
9,319,True
9,320,True
9,321,True
9,322,True
9,323,True
9,324,True
9,325,True
9,326,False
9,327,True
9,328,True
9,329,True
9,330,True
9,331,True
9,332,True
9,333,True
9,334,True
9,335,False
9,336,True
9,337,True
9,338,True
9,339,True
9,340,True
9,341,False
9,342,True
9,343,True
9,344,True
9,345,False
9,346,False
9,347,True
9,348,True
9,349,False
9,350,True
9,351,False
9,352,True
9,353,True
9,354,False
9,355,True
9,356,True
9,357,True
9,358,False
9,359,True
9,360,False
9,361,True
9,362,True
9,363,True
9,364,True
9,365,True
9,366,True
9,367,True
9,368,True
9,369,False
9,370,True
9,371,True
9,372,True
9,373,True
9,374,True
9,375,True
9,376,True
9,377,True
9,378,True
9,379,True
9,380,True
9,381,False
9,382,True
9,383,True
9,384,True
9,385,True
9,386,True
9,387,True
9,388,True
9,389,False
9,390,False
9,391,False
9,392,True
9,393,True
9,394,True
9,395,True
9,396,True
9,397,True
9,398,False
9,399,True
9,400,True
9,401,True
9,402,True
9,403,True
9,404,True
9,405,True
9,406,True
9,407,True
9,408,True
9,409,False
9,410,False
9,411,False
9,412,True
9,413,True
9,414,True
9,415,True
9,416,True
9,417,True
9,418,True
9,419,False
9,420,True
9,421,True
9,422,False
9,423,True
9,424,True
9,425,True
9,426,True
9,427,False
9,428,False
9,429,True
9,430,True
9,431,True
9,432,True
9,433,True
9,434,True
9,435,True
9,436,False
9,437,True
9,438,False
9,439,True
9,440,True
9,441,True
9,442,True
9,443,False
9,444,True
9,445,False
9,446,True
9,447,True
9,448,False
9,449,True
9,450,True
9,451,True
9,452,True
9,453,True
9,454,True
9,455,True
9,456,True
9,457,True
9,458,False
9,459,True
9,460,False
9,461,True
9,462,True
9,463,True
9,464,True
9,465,True
9,466,True
9,467,True
9,468,True
9,469,False
9,470,True
9,471,True
9,472,True
9,473,True
9,474,False
9,475,True
9,476,True
9,477,True
9,478,True
9,479,True
9,480,True
9,481,False
9,482,True
9,483,True
9,484,True
9,485,True
9,486,True
9,487,True
9,488,True
9,489,True
9,490,True
9,491,True
9,492,True
9,493,False
9,494,True
9,495,False
9,496,True
9,497,True
9,498,True
9,499,True
9,500,False
9,501,True
9,502,True
9,503,True
9,504,True
9,505,True
9,506,True
9,507,True
9,508,False
9,509,True
9,510,False
9,511,True
9,512,True
9,513,True
9,514,False
9,515,True
9,516,True
9,517,False
9,518,True
9,519,False
9,520,True
9,521,True
9,522,False
9,523,True
9,524,True
9,525,True
9,526,True
9,527,True
9,528,True
9,529,True
9,530,True
9,531,False
9,532,True
9,533,False
9,534,True
9,535,True
9,536,True
9,537,True
9,538,True
9,539,True
9,540,True
9,541,True
9,542,True
9,543,False
9,544,True
9,545,True
9,546,True
9,547,False
9,548,True
9,549,True
9,550,True
9,551,True
9,552,False
9,553,True
9,554,False
9,555,True
9,556,True
9,557,True
9,558,True
9,559,True
9,560,True
9,561,False
9,562,True
9,563,True
9,564,True
9,565,True
9,566,True
9,567,False
9,568,False
9,569,True
9,570,True
9,571,False
9,572,True
9,573,True
9,574,True
9,575,False
9,576,True
9,577,True
9,578,True
9,579,True
9,580,False
9,581,False
9,582,True
9,583,False
9,584,True
9,585,True
9,586,False
9,587,True
9,588,True
9,589,True
9,590,True
9,591,False
9,592,True
9,593,False
9,594,True
9,595,False
9,596,True
9,597,True
9,598,True
9,599,True
9,600,True
9,601,True
9,602,True
9,603,True
9,604,True
9,605,False
9,606,False
9,607,True
9,608,True
9,609,True
9,610,True
9,611,True
9,612,True
9,613,True
9,614,True
9,615,False
9,616,True
9,617,True
9,618,True
9,619,False
9,620,True
9,621,True
9,622,True
9,623,False
9,624,True
9,625,True
9,626,True
9,627,True
9,628,True
9,629,True
9,630,True
9,631,False
9,632,True
9,633,True
9,634,True
9,635,True
9,636,False
9,637,True
9,638,True
9,639,False
9,640,True
9,641,True
9,642,True
9,643,False
9,644,True
9,645,True
9,646,True
9,647,True
9,648,False
9,649,True
9,650,True
9,651,False
9,652,True
9,653,False
9,654,False
9,655,True
9,656,False
9,657,False
9,658,True
9,659,True
9,660,True
9,661,True
9,662,True
9,663,True
9,664,False
9,665,True
9,666,True
9,667,True
9,668,True
9,669,True
9,670,False
9,671,True
9,672,True
9,673,True
9,674,True
9,675,False
9,676,True
9,677,True
9,678,True
9,679,True
9,680,True
9,681,True
9,682,True
9,683,False
9,684,True
9,685,True
9,686,True
9,687,True
9,688,True
9,689,True
9,690,True
9,691,True
9,692,True
9,693,True
9,694,True
9,695,True
9,696,True
9,697,False
9,698,True
9,699,True
9,700,True
9,701,True
9,702,True
9,703,True
9,704,True
9,705,True
9,706,True
9,707,False
9,708,True
9,709,True
9,710,True
9,711,False
10,1,True
10,2,True
10,3,True
10,4,False
10,5,True
10,6,True
10,7,True
10,8,True
10,9,True
10,10,True
10,11,True
10,12,True
10,13,False
10,14,True
10,15,True
10,16,True
10,17,True
10,18,True
10,19,True
10,20,True
10,21,True
10,22,True
10,23,False
10,24,True
10,25,True
10,26,True
10,27,True
10,28,True
10,29,True
10,30,True
10,31,True
10,32,True
10,33,True
10,34,True
10,35,True
10,36,True
10,37,False
10,38,True
10,39,True
10,40,True
10,41,True
10,42,True
10,43,True
10,44,True
10,45,True
10,46,True
10,47,True
10,48,True
10,49,False
10,50,True
10,51,False
10,52,True
10,53,True
10,54,False
10,55,False
10,56,True
10,57,True
10,58,True
10,59,False
10,60,True
10,61,True
10,62,True
10,63,True
10,64,True
10,65,True
10,66,True
10,67,False
10,68,True
10,69,True
10,70,False
10,71,True
10,72,True
10,73,True
10,74,True
10,75,True
10,76,True
10,77,True
10,78,True
10,79,True
10,80,True
10,81,True
10,82,True
10,83,True
10,84,True
10,85,False
10,86,False
10,87,False
10,88,True
10,89,False
10,90,False
10,91,True
10,92,True
10,93,True
10,94,True
10,95,False
10,96,True
10,97,True
10,98,True
10,99,True
10,100,True
10,101,True
10,102,True
10,103,True
10,104,True
10,105,False
10,106,True
10,107,False
10,108,True
10,109,True
10,110,True
10,111,True
10,112,True
10,113,True
10,114,True
10,115,True
10,116,True
10,117,True
10,118,True
10,119,True
10,120,True
10,121,True
10,122,True
10,123,True
10,124,False
10,125,True
10,126,True
10,127,True
10,128,True
10,129,False
10,130,True
10,131,True
10,132,True
10,133,True
10,134,True
10,135,False
10,136,False
10,137,False
10,138,True
10,139,True
10,140,True
10,141,True
10,142,False
10,143,True
10,144,False
10,145,True
10,146,True
10,147,True
10,148,True
10,149,True
10,150,True
10,151,True
10,152,False
10,153,True
10,154,False
10,155,False
10,156,False
10,157,True
10,158,True
10,159,True
10,160,False
10,161,True
10,162,True
10,163,True
10,164,True
10,165,True
10,166,True
10,167,True
10,168,True
10,169,False
10,170,True
10,171,False
10,172,True
10,173,True
10,174,True
10,175,False
10,176,False
10,177,True
10,178,True
10,179,True
10,180,True
10,181,True
10,182,True
10,183,True
10,184,True
10,185,False
10,186,True
10,187,True
10,188,True
10,189,True
10,190,True
10,191,False
10,192,True
10,193,False
10,194,True
10,195,True
10,196,False
10,197,True
10,198,True
10,199,False
10,200,True
10,201,False
10,202,True
10,203,True
10,204,True
10,205,True
10,206,True
10,207,True
10,208,True
10,209,True
10,210,True
10,211,True
10,212,True
10,213,True
10,214,True
10,215,True
10,216,True
10,217,False
10,218,True
10,219,True
10,220,True
10,221,True
10,222,True
10,223,False
10,224,False
10,225,True
10,226,True
10,227,False
10,228,True
10,229,True
10,230,True
10,231,False
10,232,False
10,233,True
10,234,False
10,235,True
10,236,True
10,237,True
10,238,True
10,239,True
10,240,False
10,241,True
10,242,True
10,243,True
10,244,True
10,245,True
10,246,True
10,247,True
10,248,True
10,249,False
10,250,True
10,251,True
10,252,True
10,253,True
10,254,True
10,255,False
10,256,True
10,257,True
10,258,True
10,259,True
10,260,True
10,261,True
10,262,True
10,263,False
10,264,True
10,265,True
10,266,True
10,267,False
10,268,True
10,269,True
10,270,True
10,271,True
10,272,False
10,273,True
10,274,False
10,275,True
10,276,True
10,277,True
10,278,True
10,279,True
10,280,True
10,281,True
10,282,True
10,283,True
10,284,False
10,285,True
10,286,True
10,287,False
10,288,True
10,289,False
10,290,False
10,291,True
10,292,True
10,293,True
10,294,False
10,295,True
10,296,True
10,297,True
10,298,True
10,299,False
10,300,True
10,301,True
10,302,True
10,303,False
10,304,False
10,305,False
10,306,True
10,307,True
10,308,True
10,309,True
10,310,True
10,311,True
10,312,True
10,313,True
10,314,True
10,315,True
10,316,True
10,317,False
10,318,True
10,319,True
10,320,True
10,321,True
10,322,True
10,323,False
10,324,False
10,325,True
10,326,False
10,327,True
10,328,True
10,329,False
10,330,True
10,331,True
10,332,True
10,333,True
10,334,True
10,335,True
10,336,True
10,337,False
10,338,True
10,339,True
10,340,True
10,341,True
10,342,True
10,343,True
10,344,False
10,345,True
10,346,True
10,347,True
10,348,True
10,349,True
10,350,True
10,351,False
10,352,True
10,353,True
10,354,True
10,355,True
10,356,True
10,357,True
10,358,True
10,359,True
10,360,True
10,361,True
10,362,False
10,363,False
10,364,True
10,365,False
10,366,True
10,367,False
10,368,True
10,369,True
10,370,True
10,371,True
10,372,True
10,373,True
10,374,True
10,375,False
10,376,True
10,377,True
10,378,True
10,379,True
10,380,False
10,381,True
10,382,True
10,383,False
10,384,True
10,385,True
10,386,False
10,387,True
10,388,True
10,389,True
10,390,False
10,391,True
10,392,True
10,393,True
10,394,True
10,395,True
10,396,True
10,397,True
10,398,False
10,399,True
10,400,True
10,401,True
10,402,True
10,403,False
10,404,False
10,405,True
10,406,False
10,407,True
10,408,False
10,409,True
10,410,False
10,411,True
10,412,True
10,413,True
10,414,True
10,415,True
10,416,True
10,417,False
10,418,True
10,419,True
10,420,True
10,421,False
10,422,True
10,423,True
10,424,False
10,425,True
10,426,True
10,427,True
10,428,True
10,429,True
10,430,True
10,431,True
10,432,True
10,433,True
10,434,True
10,435,True
10,436,True
10,437,False
10,438,True
10,439,True
10,440,True
10,441,True
10,442,True
10,443,True
10,444,True
10,445,True
10,446,True
10,447,True
10,448,False
10,449,True
10,450,False
10,451,True
10,452,False
10,453,True
10,454,True
10,455,True
10,456,True
10,457,True
10,458,True
10,459,True
10,460,True
10,461,True
10,462,True
10,463,True
10,464,True
10,465,True
10,466,True
10,467,False
10,468,True
10,469,True
10,470,True
10,471,True
10,472,True
10,473,True
10,474,False
10,475,True
10,476,True
10,477,True
10,478,True
10,479,True
10,480,True
10,481,False
10,482,True
10,483,True
10,484,True
10,485,True
10,486,True
10,487,True
10,488,True
10,489,True
10,490,True
10,491,False
10,492,True
10,493,True
10,494,True
10,495,True
10,496,True
10,497,True
10,498,True
10,499,False
10,500,True
10,501,True
10,502,True
10,503,True
10,504,False
10,505,True
10,506,False
10,507,False
10,508,False
10,509,True
10,510,True
10,511,True
10,512,True
10,513,True
10,514,True
10,515,True
10,516,True
10,517,True
10,518,True
10,519,True
10,520,True
10,521,True
10,522,True
10,523,True
10,524,True
10,525,True
10,526,True
10,527,True
10,528,True
10,529,True
10,530,True
10,531,True
10,532,True
10,533,True
10,534,True
10,535,True
10,536,True
10,537,True
10,538,True
10,539,False
10,540,True
10,541,True
10,542,True
10,543,True
10,544,True
10,545,True
10,546,True
10,547,True
10,548,True
10,549,True
10,550,True
10,551,True
10,552,True
10,553,True
10,554,True
10,555,True
10,556,True
10,557,True
10,558,True
10,559,True
10,560,True
10,561,True
10,562,True
10,563,True
10,564,False
10,565,True
10,566,True
10,567,True
10,568,True
10,569,True
10,570,True
10,571,True
10,572,True
10,573,True
10,574,False
10,575,True
10,576,False
10,577,True
10,578,True
10,579,True
10,580,True
10,581,True
10,582,True
10,583,True
10,584,True
10,585,True
10,586,True
10,587,True
10,588,True
10,589,True
10,590,True
10,591,True
10,592,True
10,593,True
10,594,False
10,595,True
10,596,True
10,597,True
10,598,True
10,599,True
10,600,True
10,601,True
10,602,True
10,603,True
10,604,True
10,605,True
10,606,True
10,607,False
10,608,True
10,609,False
10,610,True
10,611,False
10,612,True
10,613,True
10,614,True
10,615,False
10,616,True
10,617,True
10,618,False
10,619,True
10,620,True
10,621,True
10,622,True
10,623,True
10,624,True
10,625,True
10,626,True
10,627,True
10,628,False
10,629,True
10,630,True
10,631,True
10,632,True
10,633,True
10,634,True
10,635,True
10,636,True
10,637,True
10,638,True
10,639,True
10,640,True
10,641,True
10,642,True
10,643,True
10,644,True
10,645,False
10,646,True
10,647,False
10,648,True
10,649,True
10,650,True
10,651,True
10,652,True
10,653,False
10,654,True
10,655,True
10,656,False
10,657,True
10,658,True
10,659,False
10,660,False
10,661,True
10,662,False
10,663,True
10,664,False
10,665,True
10,666,True
10,667,False
10,668,False
10,669,True
10,670,True
10,671,True
10,672,True
10,673,True
10,674,True
10,675,True
10,676,True
10,677,True
10,678,False
10,679,True
10,680,True
10,681,True
10,682,True
10,683,True
10,684,True
10,685,True
10,686,False
10,687,True
10,688,True
10,689,True
10,690,True
10,691,True
10,692,True
10,693,True
10,694,True
10,695,True
10,696,False
10,697,True
10,698,True
10,699,True
10,700,True
10,701,True
10,702,True
10,703,True
10,704,True
10,705,True
10,706,True
10,707,True
10,708,True
10,709,False
10,710,True
10,711,True
11,1,False
11,2,False
11,3,True
11,4,False
11,5,True
11,6,True
11,7,True
11,8,True
11,9,True
11,10,True
11,11,True
11,12,False
11,13,True
11,14,True
11,15,True
11,16,True
11,17,True
11,18,True
11,19,True
11,20,True
11,21,True
11,22,True
11,23,True
11,24,True
11,25,False
11,26,True
11,27,False
11,28,True
11,29,True
11,30,True
11,31,True
11,32,True
11,33,True
11,34,True
11,35,True
11,36,True
11,37,True
11,38,True
11,39,False
11,40,True
11,41,True
11,42,True
11,43,True
11,44,True
11,45,True
11,46,True
11,47,True
11,48,True
11,49,True
11,50,False
11,51,True
11,52,True
11,53,True
11,54,True
11,55,True
11,56,True
11,57,False
11,58,True
11,59,False
11,60,True
11,61,True
11,62,False
11,63,False
11,64,True
11,65,True
11,66,True
11,67,True
11,68,True
11,69,True
11,70,True
11,71,False
11,72,False
11,73,True
11,74,False
11,75,True
11,76,False
11,77,True
11,78,True
11,79,True
11,80,True
11,81,True
11,82,False
11,83,True
11,84,True
11,85,True
11,86,True
11,87,True
11,88,False
11,89,True
11,90,True
11,91,True
11,92,True
11,93,True
11,94,True
11,95,True
11,96,True
11,97,True
11,98,True
11,99,False
11,100,True
11,101,True
11,102,True
11,103,True
11,104,True
11,105,True
11,106,True
11,107,True
11,108,True
11,109,True
11,110,False
11,111,True
11,112,True
11,113,False
11,114,True
11,115,True
11,116,True
11,117,True
11,118,True
11,119,True
11,120,False
11,121,True
11,122,True
11,123,True
11,124,True
11,125,True
11,126,True
11,127,True
11,128,True
11,129,True
11,130,True
11,131,True
11,132,False
11,133,False
11,134,True
11,135,False
11,136,True
11,137,True
11,138,True
11,139,True
11,140,False
11,141,False
11,142,True
11,143,True
11,144,True
11,145,False
11,146,True
11,147,False
11,148,False
11,149,True
11,150,True
11,151,True
11,152,True
11,153,True
11,154,True
11,155,True
11,156,True
11,157,True
11,158,False
11,159,True
11,160,True
11,161,True
11,162,True
11,163,False
11,164,False
11,165,True
11,166,True
11,167,True
11,168,True
11,169,True
11,170,True
11,171,True
11,172,False
11,173,True
11,174,True
11,175,True
11,176,True
11,177,True
11,178,True
11,179,True
11,180,True
11,181,True
11,182,True
11,183,False
11,184,True
11,185,True
11,186,True
11,187,True
11,188,False
11,189,True
11,190,True
11,191,True
11,192,True
11,193,True
11,194,True
11,195,False
11,196,True
11,197,True
11,198,True
11,199,True
11,200,True
11,201,True
11,202,True
11,203,True
11,204,True
11,205,True
11,206,True
11,207,False
11,208,True
11,209,True
11,210,True
11,211,True
11,212,True
11,213,True
11,214,True
11,215,True
11,216,False
11,217,True
11,218,True
11,219,True
11,220,True
11,221,True
11,222,True
11,223,True
11,224,True
11,225,True
11,226,True
11,227,True
11,228,False
11,229,True
11,230,True
11,231,True
11,232,True
11,233,True
11,234,True
11,235,True
11,236,True
11,237,True
11,238,True
11,239,False
11,240,True
11,241,True
11,242,True
11,243,True
11,244,True
11,245,True
11,246,False
11,247,True
11,248,True
11,249,True
11,250,True
11,251,False
11,252,False
11,253,False
11,254,True
11,255,False
11,256,True
11,257,False
11,258,True
11,259,True
11,260,False
11,261,True
11,262,True
11,263,False
11,264,True
11,265,True
11,266,True
11,267,False
11,268,False
11,269,True
11,270,True
11,271,False
11,272,False
11,273,False
11,274,False
11,275,False
11,276,True
11,277,True
11,278,False
11,279,True
11,280,True
11,281,True
11,282,False
11,283,True
11,284,True
11,285,True
11,286,True
11,287,True
11,288,True
11,289,True
11,290,False
11,291,False
11,292,True
11,293,True
11,294,True
11,295,True
11,296,True
11,297,False
11,298,True
11,299,True
11,300,False
11,301,False
11,302,True
11,303,True
11,304,True
11,305,True
11,306,False
11,307,True
11,308,True
11,309,True
11,310,True
11,311,True
11,312,True
11,313,True
11,314,True
11,315,True
11,316,True
11,317,True
11,318,True
11,319,True
11,320,True
11,321,True
11,322,False
11,323,False
11,324,True
11,325,True
11,326,True
11,327,False
11,328,True
11,329,True
11,330,True
11,331,True
11,332,False
11,333,False
11,334,True
11,335,False
11,336,True
11,337,False
11,338,False
11,339,True
11,340,False
11,341,True
11,342,True
11,343,True
11,344,True
11,345,False
11,346,True
11,347,True
11,348,True
11,349,False
11,350,False
11,351,True
11,352,True
11,353,True
11,354,True
11,355,True
11,356,True
11,357,True
11,358,True
11,359,True
11,360,True
11,361,True
11,362,False
11,363,True
11,364,False
11,365,True
11,366,True
11,367,True
11,368,True
11,369,True
11,370,True
11,371,True
11,372,True
11,373,True
11,374,True
11,375,True
11,376,False
11,377,True
11,378,False
11,379,False
11,380,True
11,381,True
11,382,False
11,383,True
11,384,True
11,385,False
11,386,True
11,387,True
11,388,False
11,389,False
11,390,True
11,391,True
11,392,True
11,393,True
11,394,True
11,395,True
11,396,True
11,397,True
11,398,False
11,399,True
11,400,False
11,401,True
11,402,True
11,403,True
11,404,True
11,405,True
11,406,False
11,407,True
11,408,False
11,409,True
11,410,True
11,411,True
11,412,True
11,413,True
11,414,True
11,415,False
11,416,True
11,417,True
11,418,True
11,419,True
11,420,False
11,421,False
11,422,True
11,423,True
11,424,True
11,425,True
11,426,True
11,427,True
11,428,True
11,429,True
11,430,True
11,431,True
11,432,False
11,433,True
11,434,True
11,435,True
11,436,False
11,437,True
11,438,True
11,439,True
11,440,True
11,441,False
11,442,True
11,443,True
11,444,True
11,445,False
11,446,True
11,447,False
11,448,True
11,449,True
11,450,True
11,451,True
11,452,True
11,453,True
11,454,True
11,455,False
11,456,True
11,457,True
11,458,True
11,459,True
11,460,True
11,461,True
11,462,False
11,463,True
11,464,False
11,465,True
11,466,True
11,467,True
11,468,True
11,469,True
11,470,True
11,471,True
11,472,True
11,473,True
11,474,False
11,475,True
11,476,True
11,477,True
11,478,False
11,479,True
11,480,False
11,481,True
11,482,True
11,483,True
11,484,True
11,485,True
11,486,True
11,487,True
11,488,False
11,489,True
11,490,True
11,491,False
11,492,True
11,493,True
11,494,True
11,495,True
11,496,True
11,497,True
11,498,False
11,499,True
11,500,True
11,501,True
11,502,True
11,503,False
11,504,True
11,505,True
11,506,True
11,507,True
11,508,True
11,509,True
11,510,True
11,511,False
11,512,False
11,513,True
11,514,True
11,515,True
11,516,True
11,517,True
11,518,True
11,519,True
11,520,True
11,521,False
11,522,True
11,523,True
11,524,True
11,525,True
11,526,True
11,527,True
11,528,True
11,529,True
11,530,True
11,531,True
11,532,True
11,533,True
11,534,True
11,535,False
11,536,True
11,537,True
11,538,True
11,539,True
11,540,True
11,541,True
11,542,True
11,543,True
11,544,True
11,545,True
11,546,True
11,547,True
11,548,True
11,549,True
11,550,True
11,551,True
11,552,True
11,553,True
11,554,False
11,555,True
11,556,True
11,557,True
11,558,True
11,559,True
11,560,False
11,561,False
11,562,True
11,563,True
11,564,True
11,565,True
11,566,True
11,567,True
11,568,False
11,569,True
11,570,True
11,571,True
11,572,True
11,573,True
11,574,True
11,575,True
11,576,True
11,577,True
11,578,True
11,579,True
11,580,True
11,581,True
11,582,True
11,583,True
11,584,True
11,585,False
11,586,True
11,587,True
11,588,True
11,589,True
11,590,True
11,591,False
11,592,True
11,593,False
11,594,True
11,595,True
11,596,True
11,597,True
11,598,True
11,599,True
11,600,True
11,601,True
11,602,True
11,603,True
11,604,True
11,605,True
11,606,True
11,607,False
11,608,True
11,609,True
11,610,True
11,611,True
11,612,False
11,613,True
11,614,True
11,615,False
11,616,True
11,617,True
11,618,True
11,619,True
11,620,True
11,621,True
11,622,True
11,623,True
11,624,True
11,625,True
11,626,True
11,627,True
11,628,True
11,629,True
11,630,True
11,631,True
11,632,True
11,633,True
11,634,True
11,635,True
11,636,True
11,637,True
11,638,True
11,639,True
11,640,True
11,641,False
11,642,True
11,643,True
11,644,True
11,645,True
11,646,True
11,647,True
11,648,True
11,649,True
11,650,False
11,651,True
11,652,True
11,653,True
11,654,True
11,655,True
11,656,False
11,657,True
11,658,False
11,659,True
11,660,True
11,661,False
11,662,True
11,663,True
11,664,False
11,665,True
11,666,True
11,667,True
11,668,True
11,669,True
11,670,True
11,671,True
11,672,True
11,673,True
11,674,False
11,675,True
11,676,True
11,677,True
11,678,True
11,679,True
11,680,False
11,681,True
11,682,False
11,683,False
11,684,False
11,685,True
11,686,True
11,687,True
11,688,True
11,689,True
11,690,True
11,691,True
11,692,False
11,693,True
11,694,False
11,695,True
11,696,True
11,697,True
11,698,True
11,699,True
11,700,False
11,701,False
11,702,True
11,703,True
11,704,True
11,705,False
11,706,True
11,707,True
11,708,True
11,709,True
11,710,False
11,711,True
12,1,True
12,2,True
12,3,True
12,4,True
12,5,True
12,6,False
12,7,True
12,8,True
12,9,False
12,10,False
12,11,True
12,12,False
12,13,True
12,14,True
12,15,True
12,16,True
12,17,True
12,18,True
12,19,True
12,20,True
12,21,True
12,22,True
12,23,True
12,24,True
12,25,True
12,26,True
12,27,True
12,28,True
12,29,True
12,30,True
12,31,False
12,32,True
12,33,True
12,34,True
12,35,True
12,36,True
12,37,True
12,38,True
12,39,False
12,40,True
12,41,True
12,42,True
12,43,True
12,44,False
12,45,True
12,46,False
12,47,True
12,48,True
12,49,True
12,50,True
12,51,True
12,52,True
12,53,True
12,54,True
12,55,True
12,56,True
12,57,True
12,58,False
12,59,False
12,60,True
12,61,True
12,62,True
12,63,True
12,64,True
12,65,True
12,66,True
12,67,True
12,68,False
12,69,True
12,70,True
12,71,True
12,72,False
12,73,False
12,74,True
12,75,False
12,76,True
12,77,True
12,78,True
12,79,True
12,80,True
12,81,True
12,82,True
12,83,False
12,84,False
12,85,True
12,86,True
12,87,True
12,88,False
12,89,True
12,90,True
12,91,True
12,92,True
12,93,True
12,94,True
12,95,True
12,96,True
12,97,True
12,98,True
12,99,True
12,100,True
12,101,True
12,102,True
12,103,False
12,104,False
12,105,True
12,106,True
12,107,False
12,108,True
12,109,True
12,110,True
12,111,False
12,112,True
12,113,True
12,114,False
12,115,True
12,116,True
12,117,True
12,118,True
12,119,True
12,120,True
12,121,True
12,122,True
12,123,True
12,124,True
12,125,True
12,126,True
12,127,False
12,128,True
12,129,False
12,130,True
12,131,False
12,132,True
12,133,True
12,134,True
12,135,True
12,136,True
12,137,True
12,138,True
12,139,True
12,140,True
12,141,True
12,142,True
12,143,False
12,144,False
12,145,True
12,146,True
12,147,False
12,148,True
12,149,False
12,150,False
12,151,True
12,152,True
12,153,True
12,154,False
12,155,True
12,156,True
12,157,True
12,158,True
12,159,True
12,160,True
12,161,True
12,162,True
12,163,True
12,164,True
12,165,True
12,166,True
12,167,True
12,168,False
12,169,True
12,170,True
12,171,True
12,172,True
12,173,True
12,174,True
12,175,True
12,176,False
12,177,True
12,178,True
12,179,True
12,180,True
12,181,True
12,182,False
12,183,True
12,184,True
12,185,True
12,186,True
12,187,True
12,188,True
12,189,True
12,190,True
12,191,True
12,192,True
12,193,True
12,194,True
12,195,True
12,196,False
12,197,True
12,198,True
12,199,True
12,200,True
12,201,True
12,202,False
12,203,True
12,204,True
12,205,True
12,206,True
12,207,True
12,208,True
12,209,False
12,210,True
12,211,True
12,212,True
12,213,False
12,214,False
12,215,True
12,216,True
12,217,True
12,218,False
12,219,True
12,220,True
12,221,True
12,222,True
12,223,False
12,224,False
12,225,True
12,226,True
12,227,True
12,228,True
12,229,True
12,230,False
12,231,False
12,232,True
12,233,False
12,234,False
12,235,True
12,236,True
12,237,True
12,238,False
12,239,True
12,240,True
12,241,True
12,242,True
12,243,True
12,244,False
12,245,True
12,246,True
12,247,False
12,248,True
12,249,False
12,250,True
12,251,True
12,252,True
12,253,False
12,254,False
12,255,True
12,256,True
12,257,True
12,258,True
12,259,False
12,260,False
12,261,True
12,262,True
12,263,True
12,264,True
12,265,True
12,266,True
12,267,True
12,268,False
12,269,True
12,270,True
12,271,True
12,272,True
12,273,True
12,274,True
12,275,True
12,276,False
12,277,True
12,278,True
12,279,False
12,280,True
12,281,True
12,282,True
12,283,True
12,284,True
12,285,True
12,286,False
12,287,True
12,288,True
12,289,True
12,290,True
12,291,True
12,292,True
12,293,False
12,294,True
12,295,True
12,296,True
12,297,True
12,298,True
12,299,True
12,300,False
12,301,True
12,302,True
12,303,True
12,304,True
12,305,True
12,306,True
12,307,True
12,308,True
12,309,False
12,310,True
12,311,True
12,312,True
12,313,True
12,314,True
12,315,False
12,316,True
12,317,True
12,318,True
12,319,True
12,320,False
12,321,False
12,322,False
12,323,True
12,324,False
12,325,True
12,326,False
12,327,True
12,328,False
12,329,True
12,330,True
12,331,True
12,332,True
12,333,True
12,334,True
12,335,False
12,336,True
12,337,True
12,338,True
12,339,True
12,340,True
12,341,True
12,342,False
12,343,True
12,344,False
12,345,False
12,346,False
12,347,True
12,348,True
12,349,False
12,350,True
12,351,True
12,352,True
12,353,True
12,354,True
12,355,True
12,356,True
12,357,True
12,358,True
12,359,True
12,360,True
12,361,True
12,362,True
12,363,True
12,364,True
12,365,True
12,366,True
12,367,True
12,368,True
12,369,True
12,370,True
12,371,False
12,372,True
12,373,True
12,374,True
12,375,True
12,376,True
12,377,True
12,378,True
12,379,True
12,380,True
12,381,True
12,382,True
12,383,True
12,384,True
12,385,True
12,386,True
12,387,True
12,388,True
12,389,False
12,390,True
12,391,True
12,392,True
12,393,False
12,394,True
12,395,False
12,396,True
12,397,True
12,398,True
12,399,True
12,400,True
12,401,True
12,402,True
12,403,True
12,404,True
12,405,True
12,406,False
12,407,False
12,408,False
12,409,True
12,410,True
12,411,False
12,412,False
12,413,False
12,414,True
12,415,False
12,416,False
12,417,False
12,418,True
12,419,False
12,420,False
12,421,True
12,422,True
12,423,True
12,424,True
12,425,True
12,426,True
12,427,True
12,428,True
12,429,True
12,430,False
12,431,True
12,432,True
12,433,False
12,434,True
12,435,False
12,436,True
12,437,True
12,438,True
12,439,False
12,440,True
12,441,True
12,442,False
12,443,True
12,444,False
12,445,True
12,446,False
12,447,False
12,448,True
12,449,False
12,450,False
12,451,False
12,452,True
12,453,True
12,454,True
12,455,True
12,456,True
12,457,True
12,458,True
12,459,True
12,460,True
12,461,False
12,462,True
12,463,True
12,464,True
12,465,True
12,466,True
12,467,True
12,468,True
12,469,True
12,470,True
12,471,True
12,472,True
12,473,True
12,474,True
12,475,False
12,476,True
12,477,True
12,478,False
12,479,True
12,480,True
12,481,True
12,482,True
12,483,True
12,484,True
12,485,True
12,486,True
12,487,True
12,488,True
12,489,True
12,490,True
12,491,True
12,492,True
12,493,False
12,494,True
12,495,False
12,496,True
12,497,True
12,498,True
12,499,True
12,500,True
12,501,True
12,502,True
12,503,True
12,504,True
12,505,True
12,506,True
12,507,True
12,508,True
12,509,True
12,510,True
12,511,True
12,512,False
12,513,False
12,514,False
12,515,True
12,516,True
12,517,False
12,518,True
12,519,True
12,520,False
12,521,True
12,522,True
12,523,False
12,524,False
12,525,True
12,526,True
12,527,True
12,528,True
12,529,True
12,530,True
12,531,True
12,532,True
12,533,False
12,534,True
12,535,True
12,536,True
12,537,False
12,538,True
12,539,True
12,540,True
12,541,True
12,542,True
12,543,True
12,544,True
12,545,True
12,546,False
12,547,True
12,548,True
12,549,True
12,550,True
12,551,True
12,552,True
12,553,True
12,554,True
12,555,False
12,556,True
12,557,False
12,558,False
12,559,True
12,560,True
12,561,True
12,562,True
12,563,True
12,564,True
12,565,True
12,566,False
12,567,True
12,568,True
12,569,True
12,570,True
12,571,True
12,572,False
12,573,False
12,574,True
12,575,True
12,576,True
12,577,True
12,578,True
12,579,True
12,580,True
12,581,False
12,582,True
12,583,True
12,584,True
12,585,True
12,586,True
12,587,True
12,588,True
12,589,True
12,590,True
12,591,False
12,592,True
12,593,False
12,594,False
12,595,False
12,596,True
12,597,True
12,598,True
12,599,True
12,600,True
12,601,True
12,602,True
12,603,True
12,604,True
12,605,True
12,606,False
12,607,True
12,608,True
12,609,True
12,610,True
12,611,True
12,612,True
12,613,True
12,614,True
12,615,True
12,616,False
12,617,True
12,618,True
12,619,False
12,620,True
12,621,True
12,622,True
12,623,True
12,624,False
12,625,True
12,626,True
12,627,True
12,628,True
12,629,True
12,630,True
12,631,False
12,632,True
12,633,True
12,634,True
12,635,True
12,636,True
12,637,True
12,638,True
12,639,True
12,640,False
12,641,True
12,642,True
12,643,True
12,644,True
12,645,True
12,646,False
12,647,True
12,648,True
12,649,False
12,650,True
12,651,True
12,652,True
12,653,True
12,654,True
12,655,False
12,656,False
12,657,True
12,658,True
12,659,False
12,660,False
12,661,True
12,662,True
12,663,True
12,664,True
12,665,True
12,666,False
12,667,True
12,668,True
12,669,True
12,670,True
12,671,True
12,672,False
12,673,True
12,674,False
12,675,False
12,676,True
12,677,True
12,678,True
12,679,True
12,680,True
12,681,False
12,682,True
12,683,True
12,684,False
12,685,False
12,686,True
12,687,True
12,688,True
12,689,False
12,690,False
12,691,True
12,692,True
12,693,True
12,694,True
12,695,True
12,696,False
12,697,True
12,698,True
12,699,True
12,700,True
12,701,False
12,702,True
12,703,True
12,704,True
12,705,True
12,706,True
12,707,True
12,708,True
12,709,False
12,710,True
12,711,True
